sample,group,id_type
volunteer-9,control,volunteer
volunteer-10,control,volunteer
volunteer-11,control,volunteer
volunteer-12,control,volunteer
volunteer-13,control,volunteer
volunteer-14,control,volunteer
volunteer-15,control,volunteer
volunteer-16,control,volunteer
volunteer-17,control,volunteer
volunteer-18,control,volunteer
volunteer-19,control,volunteer
volunteer-20,control,volunteer
volunteer-21,control,volunteer
volunteer-22,control,volunteer
volunteer-23,control,volunteer
volunteer-24,control,volunteer
volunteer-25,control,volunteer
patient-9,case,patient
patient-10,case,patient
patient-11,case,patient
patient-12,case,patient
patient-13,case,patient
patient-14,case,patient
patient-15,case,patient
patient-16,case,patient
patient-17,case,patient
patient-18,case,patient
patient-19,case,patient
patient-20,case,patient
patient-21,case,patient
patient-22,case,patient
patient-23,case,patient
patient-24,case,patient
patient-25,case,patient
treatment-1,case,treatment
treatment-2,case,treatment
treatment-3,case,treatment
treatment-4,case,treatment
treatment-5,case,treatment
treatment-6,case,treatment
treatment-7,case,treatment
treatment-8,case,treatment
treatment-9,case,treatment
treatment-10,case,treatment
treatment-11,case,treatment
treatment-12,case,treatment
treatment-13,case,treatment
treatment-14,case,treatment
treatment-15,case,treatment
treatment-16,case,treatment
treatment-17,case,treatment
treatment-18,case,treatment
treatment-19,case,treatment
treatment-20,case,treatment
treatment-21,case,treatment
treatment-22,case,treatment
treatment-23,case,treatment
treatment-24,case,treatment
treatment-25,case,treatment
