topic,pmid,year,journal,title,doi
cross_cohort_transcriptomics,42537336,2026 Dec,Computational biology and chemistry,A reproducible computational transcriptomic framework for cell-type-resolved fibroinflammatory-AKT remodeling in human heart failure.,10.1016/j.compbiolchem.2026.109287
cross_cohort_transcriptomics,42404493,2026 Dec,Toxicology reports,Cross-study analysis identifies estrogen depletion and exposure duration as key determinants of bisphenol A transcriptomic potency in MCF-7 cells.,10.1016/j.toxrep.2026.102305
cross_cohort_transcriptomics,42307005,2026 Dec 1,Journal of integrative bioinformatics,Integrating cross-omics research through FAIR Digital Objects with聽DataPLANT.,10.1515/jib-2025-0056
cross_cohort_transcriptomics,42413388,2026 Nov,Burns : journal of the International Society for Burn Injuries,"Integrative multi-omics analysis identifies a mitochondrial dysfunction-associated diagnostic signature, molecular subtypes, and drug repurposing candidates for keloid disease.",10.1016/j.burns.2026.108118
cross_cohort_transcriptomics,42379044,2026 Nov 1,Biosensors & bioelectronics,"GLASS-seq: a gel-anchored, ligation-assisted, scalable biosensing platform for low-cost regional spatial transcriptomics.",10.1016/j.bios.2026.118973
cross_cohort_transcriptomics,42687344,2026 Oct,NMR in biomedicine,(1)H HR-MAS NMR Metabolomics in Combination With Transcriptomic Correlation Provides New Insights Into Metabolic Heterogeneity Across Breast Cancer Immunohistochemical Subtypes.,10.1002/nbm.70386
cross_cohort_transcriptomics,42413776,2026 Oct,Neurochemistry international,Thymus-derived myeloid programs track microglial tolerance states across human cohorts.,10.1016/j.neuint.2026.106221
cross_cohort_transcriptomics,42332159,2026 Oct,Digestive diseases and sciences,Integrative Transcriptomic and Proteomic Profiling Identifies S100P as a Potential Functional Biomarker for Sessile Serrated Lesions.,10.1007/s10620-026-10048-y
cross_cohort_transcriptomics,42289259,2026 Oct,Critical reviews in oncology/hematology,Proteomics as a theranostic compass in BCR::ABL1-negative myeloproliferative neoplasms: Integrating biomarker discovery with therapeutic stratification.,10.1016/j.critrevonc.2026.105433
cross_cohort_transcriptomics,42765713,2026 Sep 21,Critical reviews in analytical chemistry,Integrating Transcriptomics and Metabolomics for Clinical Disease Detection: A聽Critical Review of Emerging Diagnostic Methodologies.,10.1080/10408347.2026.2733903
cross_cohort_transcriptomics,42753521,2026 Sep 15,Computational biology and chemistry,Bioinformatics-driven discovery and cross-cohort validation of a two-gene signature (RPH3A and HIGD1B) associated with Alzheimer's disease.,10.1016/j.compbiolchem.2026.109417
cross_cohort_transcriptomics,42617593,2026 Sep 11,"Med (New York, N.Y.)",Multiomics profiling of plasma reveals lipid-immune dysregulation and exosome remodeling in mpox and mpox-HIV co-infection.,10.1016/j.medj.2026.101264
cross_cohort_transcriptomics,42732169,2026,Bioinformatics and biology insights,Tear MicroRNA-Based Molecular Signature for Keratoconus Stratification: A Cross-Cohort Integration Study.,10.1177/11779322261489962
cross_cohort_transcriptomics,42722078,2026 Sep 10,Neurotoxicology,Identification and validation of condition-specific candidate reference genes for accurate RT-qPCR normalization in acute and chronic methamphetamine-exposed cynomolgus monkeys.,10.1016/j.neuro.2026.103572
cross_cohort_transcriptomics,42716373,2026 Sep 10,The international journal of biochemistry & cell biology,"Annotation of cell types in single-cell sequencing for cardiovascular disease: Concepts, workflows, challenges, and best practices.",10.1016/j.biocel.2026.107027
cross_cohort_transcriptomics,42719549,2026 Jan-Dec,Reproductive medicine and biology,Reassessing Semen Analysis: Clinical Insights Beyond Sperm Count and Motility.,10.1002/rmb2.70096
cross_cohort_transcriptomics,42765081,2026,Frontiers in genetics,Ultrasound radiomics integrated with an immune-related gene signature for predicting response and resistance to immune checkpoint inhibitors in cutaneous melanoma: a retrospective radiogenomic study with biological validation.,10.3389/fgene.2026.1920615
cross_cohort_transcriptomics,42707061,2026 Sep,Ecology and evolution,Biomonitoring 3.0: Beyond Taxa Lists to Evidence-Tiered Monitoring of Ecosystem Dynamics and Interactions.,10.1002/ece3.74311
cross_cohort_transcriptomics,42700257,2026 Sep 5,Inflammation research : official journal of the European Histamine Research Society ... [et al.],An NLRP3 inflammasome-anchored Astragalus mechanistic prior yields a mortality-associated transcriptomic signal in ICU sepsis: a secondary analysis with exploratory cross-cohort assessment.,10.1007/s00011-026-02352-0
cross_cohort_transcriptomics,42737969,2026 Sep 4,Biology,Trustworthy Agentic AI in Bioinformatics: From Workflow Automation to Traceable and Validated Biological Inference.,10.3390/biology15171537
signature_external_validation,42249833,2026 Dec 31,The aging male : the official journal of the International Society for the Study of the Aging Male,Ubiquitination-anchored signature defines neuroendocrine prostate cancer: hub genes and single-cell ecosystem insights from integrated bioinformatics analysis of public transcriptomic datasets.,10.1080/13685538.2026.2680719
signature_external_validation,42462461,2026 Sep 10,Biochemical and biophysical research communications,AKR1C3 and CLIC3 mediate the comorbidity of diabetic foot ulcers and hypercholesterolemia via the TGF-尾/lipid metabolism axis.,10.1016/j.bbrc.2026.154283
signature_external_validation,42331233,2026 Sep,Neurobiology of disease,A blood transcriptomic signature anchored to central nervous system pathology enables noninvasive detection of multiple sclerosis.,10.1016/j.nbd.2026.107500
signature_external_validation,42739233,2026 Aug 31,"Diagnostics (Basel, Switzerland)",Evaluating a Glioma Transcriptomic Signature Against a Clinical Reference Model and a Random-Signature Null Distribution: A Leakage-Controlled Internal Audit and a Survey of the Field.,10.3390/diagnostics16172803
signature_external_validation,42634281,2026 Aug 24,Iranian journal of immunology : IJI,Machine Learning Analysis of Single-Cell Transcriptomics Identifies a B-Cell-Associated Fibroblast Signature Predictive of Renal Fibrosis Severity.,10.22034/iji.2026.111015.3189
signature_external_validation,42535964,2026 Aug 10,The Journal of asthma : official journal of the Association for the Care of Asthma,A mitochondria-related 9-gene induced sputum signature for severe asthma: an integrative transcriptomic analysis with external validation.,10.1080/02770903.2026.2712838
signature_external_validation,42223846,2026 Aug,Infection,Hyper-activated low-density neutrophil-derived NGAL predicts fatal SFTS: a multi-cohort and single-cell study.,10.1007/s15010-026-02840-9
signature_external_validation,42492734,2026 Jul 23,Radiotherapy and oncology : journal of the European Society for Therapeutic Radiology and Oncology,Hypoxia-associated gene signature for uterine cervical cancer.,10.1016/j.radonc.2026.111703
signature_external_validation,42323761,2026 Jun 21,Discover oncology,A seven-gene diagnostic and prognostic signature for papillary thyroid carcinoma.,10.1007/s12672-026-05473-4
signature_external_validation,42396135,2026,Frontiers in medicine,An 11-gene blood transcriptomic signature reflects a sepsis-associated host-response pattern across public cohorts.,10.3389/fmed.2026.1844619
signature_external_validation,42326009,2026,Frontiers in cell and developmental biology,Integrated transcriptomics identifies immune-metabolic dysregulation and candidate diagnostic biomarkers in oligoasthenozoospermia with experimental validation.,10.3389/fcell.2026.1832331
signature_external_validation,42196154,2026 May 7,International journal of molecular sciences,Transcriptomic Evidence of Immune-Tumor Uncoupling Defines a High-Risk State in Uterine Corpus Endometrial Carcinoma.,10.3390/ijms27104170
signature_external_validation,41693435,2026 May,"Biomarkers : biochemical indicators of exposure, response, and susceptibility to chemicals",Identification and validation of gene markers for early detection and prognosis in colorectal cancer: a comprehensive RNA-seq based approach.,10.1080/1354750X.2026.2629484
signature_external_validation,42050008,2026 Apr 29,Neuroinformatics,Unveiling an ALS Blood Transcriptomic Signature: A Machine Learning Classifier Distinct from Neurodegenerative Controls.,10.1007/s12021-026-09780-7
signature_external_validation,42065049,2026,Oncology research,A Novel Partial EMT-Associated Transcriptomic Signature for Prognostic Stratification in Ovarian Cancer.,10.32604/or.2026.074383
signature_external_validation,41969460,2026 Mar 31,Translational cancer research,Prognostic stratification in non-small cell lung cancer using a TIDE-informed transcriptomic signature: model development and validation.,10.21037/tcr-2025-aw-2300
signature_external_validation,41895875,2026 Mar,ESMO open,A machine learning assay to predict disease recurrence in hormone receptor-positive breast cancer.,10.1016/j.esmoop.2026.106064
signature_external_validation,41614924,2026 Jan 16,Current issues in molecular biology,Ensemble Machine Learning on Bulk RNA-Seq Identifies 17-Gene Signature Predicting Neoadjuvant Chemotherapy Response in Breast Cancer.,10.3390/cimb48010094
signature_external_validation,41574107,2025,Frontiers in bioinformatics,Identification of multiple prognostic biomarker sets for risk stratification in SKCM.,10.3389/fbinf.2025.1624329
signature_external_validation,40908203,2026 Jan,Annals of the rheumatic diseases,Identification of a novel transcriptome signature for predicting the response to anti-TNF-伪 treatment in patients with rheumatoid arthritis.,10.1016/j.ard.2025.08.003
module_gene_set_reproducibility,42742779,2026 Sep 15,Discover oncology,Immune-related hallmark pathway heterogeneity identifies a prognostic risk signature with independent external validation in glioblastoma.,10.1007/s12672-026-05696-5
module_gene_set_reproducibility,42737653,2026 Aug 29,International journal of molecular sciences,Immune-Inflammatory Hub Genes Intersecting with a Ferroptosis-Associated Gene Set in Active Tuberculosis: A Multi-Dataset Bioinformatics Study.,10.3390/ijms27177757
module_gene_set_reproducibility,42741635,2026,Journal of Cancer,Subtype-Dependent Transcriptional Coupling Between DNMT1 and E2F-Linked Proliferative Programs in Breast Cancer: A Dual-Cohort Transcriptomic Analysis.,10.7150/jca.134046
module_gene_set_reproducibility,42579211,2026 Aug 11,Metabolic brain disease,Integrative transcriptomic and genetic analysis implicates fatty acid metabolic reprogramming in perivascular macrophages in Alzheimer's disease.,10.1007/s11011-026-01949-y
module_gene_set_reproducibility,42675521,2026 Jul 30,Journal of intensive care,Role and prognostic value of N6-methyladenosine RNA modification regulators in glycolytic reprogramming during sepsis.,10.1186/s40560-026-00920-4
module_gene_set_reproducibility,42589231,2026 Jul 23,International journal of molecular sciences,Cross-Omic Comparative Analysis Identifies Transcriptomic Signatures and Exploratory Gene Set-Level Signals in Sporadic Creutzfeldt-Jakob Disease.,10.3390/ijms27156560
module_gene_set_reproducibility,42491356,2026,Frontiers in psychiatry,Identification of AICD-associated transcriptomic markers in major depressive disorder.,10.3389/fpsyt.2026.1782515
module_gene_set_reproducibility,42412828,2026 Jul 1,"Bioinformatics (Oxford, England)",Knowledge-guided contextual gene set analysis with large language models.,10.1093/bioinformatics/btag214
module_gene_set_reproducibility,42093161,2026 Jul 1,Journal of the American Medical Informatics Association : JAMIA,"Enhancing validation of case-control omics signatures through ""minimalist"" single-subject analysis (N-of-1 trials): proof of concept in sepsis.",10.1093/jamia/ocag061
module_gene_set_reproducibility,42445443,2026 Jun 30,Translational cancer research,Comprehensive bioinformatics analysis identifies DNA methylation signatures associated with immune evasion and predicts immunotherapy response in breast cancer.,10.21037/tcr-2026-1-0128
module_gene_set_reproducibility,42369487,2026 Jun 15,medRxiv : the preprint server for health sciences,Two Blood-based Endotypes Reveal Divergent Clinical Outcomes of Fibrotic Hypersensitivity Pneumonitis.,10.64898/2026.06.11.26355382
module_gene_set_reproducibility,42193012,2026 May 20,Cancers,A Vascular-Extracellular Matrix Molecular Program Identifies High-Risk Diffuse Glioma Across Independent Multi-Omics.,10.3390/cancers18101652
module_gene_set_reproducibility,41993387,2026 Apr 10,bioRxiv : the preprint server for biology,Cell-Type-Resolved Pseudobulk Classification Across Independent Cohorts Identifies Microglial PTPRG as a Transcriptional Hub in Alzheimer's Disease.,10.64898/2026.04.07.717029
module_gene_set_reproducibility,41622683,2026 Mar 6,Journal of proteome research,UltraPlex-TMT: Expanding Isobaric Hyperplexing via Orthogonal Protease Cleavage.,10.1021/acs.jproteome.5c01084
module_gene_set_reproducibility,41668703,2026,Bioinformatics advances,Cell type annotation using large language models (LLMs) and CytoAnalyst.,10.1093/bioadv/vbag001
module_gene_set_reproducibility,41602481,2026,"Research (Washington, D.C.)",A Deep Learning-Generated Mixed Tumor-Stroma Ratio for Prognostic Stratification and Multi-omics Profiling in Bladder Cancer.,10.34133/research.1053
module_gene_set_reproducibility,42148814,2026 Jan 21,GigaScience,Comparative evaluation of gene selection approaches in transcriptomics: bias correction and visualization with TransPro.,10.1093/gigascience/giag057
module_gene_set_reproducibility,41520302,2026 Jan 2,"Bioinformatics (Oxford, England)",From articles to code: on-demand generation of core algorithms from scientific publications.,10.1093/bioinformatics/btag015
module_gene_set_reproducibility,41432818,2025 Dec 23,Cardiovascular toxicology,Substrain-Dependent Differences in Doxorubicin-Induced Cardiotoxicity in Adult C57BL/6 Mice.,10.1007/s12012-025-10076-6
module_gene_set_reproducibility,41463329,2025 Dec 1,Biomolecules,G2PDeep-v2: A Web-Based Deep-Learning Framework for Phenotype Prediction and Biomarker Discovery for All Organisms Using Multi-Omics Data.,10.3390/biom15121673
public_omics_reanalysis,42522902,2026 Dec,European journal of psychotraumatology,Mechanisms of change in mobile app-delivered acceptance and commitment therapy for posttraumatic stress disorder in China: a secondary analysis of a randomized controlled trial.,10.1080/20008066.2026.2702140
public_omics_reanalysis,42496126,2026 Dec,European journal of psychotraumatology,Causal mediation analysis of contact with COVID-19 patients and burnout syndrome in physiotherapists in Japan: secondary analysis of a multicentre observational study.,10.1080/20008066.2026.2692771
public_omics_reanalysis,42673556,2026 Nov,Neurology(R) neuroimmunology & neuroinflammation,Clinical Prognostic Factors Associated With Relapsing Myelin Oligodendrocyte Glycoprotein Antibody-Associated Disease: A Multicenter Cohort Study.,10.1212/NXI.0000000000200651
public_omics_reanalysis,42579919,2026 Nov,Computer methods and programs in biomedicine,EquiFL-X: Communication-constrained federated calibration via label-aggregated histograms for multi-view screening mammography under acquisition shift.,10.1016/j.cmpb.2026.109596
public_omics_reanalysis,42664686,2026 Oct,Behaviour research and therapy,Toward precision mindfulness: Predicting mindfulness outcomes after Mindfulness-Based Stress Reduction using interpretable machine learning.,10.1016/j.brat.2026.105140
public_omics_reanalysis,42608580,2026 Oct,European archives of psychiatry and clinical neuroscience,Diagnostic accuracy of a self-administered digital cognitive test battery for differentiating early Alzheimer's disease from controls.,10.1007/s00406-026-02347-2
public_omics_reanalysis,42452884,2026 Oct,"Addiction (Abingdon, England)",Financial incentives for maintaining postpartum smoking abstinence: 3-4-year follow-up of the Financial Incentives for Prevention of Postpartum Return to Smoking (FIPPS) randomised controlled trial.,10.1111/add.70505
public_omics_reanalysis,42411552,2026 Oct,Research in nursing & health,Racial and Ethnic Differences in Nonresponse Rate to Experiences of Discrimination: A Secondary Analysis of the nuMoM2b Dataset.,10.1002/nur.70100
public_omics_reanalysis,42378889,2026 Oct,International journal of medical informatics,Forecasting NHS hospital demand under two structural breaks: A multiple-comparison-corrected audit of seven forecasting methods on 15聽years of public data.,10.1016/j.ijmedinf.2026.106579
public_omics_reanalysis,42320286,2026 Oct,Psychiatry research,Cytomegalovirus-related immune activation and major neuropsychiatric disorders: Mendelian randomization and bulk transcriptomic validation.,10.1016/j.psychres.2026.117279
public_omics_reanalysis,42302586,2026 Oct,Journal of pediatric urology,Exploring precision risk in pediatric vesicoureteral reflux: Innate immune gene variations and reflux outcomes in the RIVUR cohort.,10.1016/j.jpurol.2026.106068
public_omics_reanalysis,42285212,2026 Oct,Journal of dentistry,Adherence to core outcome set for endodontic treatments (COSET) international consensus: Two-year before/after bibliometric systematic review.,10.1016/j.jdent.2026.106834
public_omics_reanalysis,41992280,2026 Oct 1,Journal of neurologic physical therapy : JNPT,Identifying Predictors of Discordance Between Balance Perception and Ability in Parkinson Disease.,10.1097/NPT.0000000000000556
public_omics_reanalysis,42767733,2026 Sep 21,BMJ open,Determinants of patient delay in seeking care for worsening heart failure symptoms in out-of-hospital settings: protocol for a systematic review and meta-analysis.,10.1136/bmjopen-2025-115816
public_omics_reanalysis,42766802,2026 Sep 21,JMIR bioinformatics and biotechnology,Deep Generative and Graph-Based Representation Learning for Multiomics Survival Stratification in Ovarian Cancer: Secondary Analysis.,10.2196/89069
public_omics_reanalysis,42766651,2026 Sep 21,PLoS neglected tropical diseases,Individual-level agreement between coverage surveys and treatment registers in mass drug administration: A secondary analysis of the multi-country DeWorm3 cluster randomized trial.,10.1371/journal.pntd.0014740
public_omics_reanalysis,42760461,2026 Sep 18,Journal of general internal medicine,The Association Between Visual Impairment and Delirium: A Systematic Review and Meta-Analysis.,10.1007/s11606-026-10804-w
public_omics_reanalysis,42760446,2026 Sep 18,European geriatric medicine,Sex-specific handgrip strength thresholds for short-term mortality risk stratification in Mexican older adults: derivation in MHAS and validation in Mex-Cog.,10.1007/s41999-026-01611-x
public_omics_reanalysis,42760222,2026 Sep 18,Journal of voice : official journal of the Voice Foundation,Interpretable Acoustic Domains in Smoking-Status Prediction From Sustained Phonation: A Speaker-Independent Secondary Analysis.,10.1016/j.jvoice.2026.08.044
public_omics_reanalysis,42760131,2026 Sep 18,Journal of neurointerventional surgery,Predicting futile recanalization after mechanical thrombectomy in patients with ischemic stroke and cancer: the CACTUS nomogram.,10.1136/jnis-2026-025872
single_cell_integration_benchmark,42569391,2026 Dec,MethodsX,Thermally controlled microdroplet formation generated by fatty acid oil.,10.1016/j.mex.2026.104056
single_cell_integration_benchmark,42307005,2026 Dec 1,Journal of integrative bioinformatics,Integrating cross-omics research through FAIR Digital Objects with聽DataPLANT.,10.1515/jib-2025-0056
single_cell_integration_benchmark,42702458,2026 Nov 1,Analytica chimica acta,Hierarchical mixed-effects model for batch effect correction in primary-tissue single-cell metabolomics by mass spectrometry.,10.1016/j.aca.2026.346042
single_cell_integration_benchmark,42431303,2026 Nov,Toxicology,A robust dynamic 3D liver spheroid platform for (sub)chronic toxicity assessment: Metabolic characterization of HepG2 spheroids as a case study.,10.1016/j.tox.2026.154538
single_cell_integration_benchmark,42628382,2026 Oct 5,Bioorganic chemistry,Integrative drug repositioning identifies FDA-approved inhibitors of HSP90AA1 with therapeutic potential in colorectal cancer.,10.1016/j.bioorg.2026.110262
single_cell_integration_benchmark,42600493,2026 Oct,SLAS discovery : advancing life sciences R & D,Application of dual-view oblique plane microscopy to small-molecule compound screening across 3D glioblastoma stem cell spheroids with single-cell resolution.,10.1016/j.slasd.2026.100329
single_cell_integration_benchmark,42289259,2026 Oct,Critical reviews in oncology/hematology,Proteomics as a theranostic compass in BCR::ABL1-negative myeloproliferative neoplasms: Integrating biomarker discovery with therapeutic stratification.,10.1016/j.critrevonc.2026.105433
single_cell_integration_benchmark,42768301,2026 Sep 21,The Journal of pathology,A scalable workflow for sensitive detection and genomic profiling of tumour cells in lymph nodes from FFPE tissue.,10.1002/path.70122
single_cell_integration_benchmark,42758369,2026 Sep 18,Cellular and molecular neurobiology,Using Brain Organoids to Explore Human Neurobiology.,10.1007/s10571-026-01808-5
single_cell_integration_benchmark,42753795,2026 Sep 18,ACS applied materials & interfaces,Engineering Hydrogels with Polydisperse Yeast Exopolysaccharides and PEGDA for Embedding Cancer Spheroids.,10.1021/acsami.6c02843
single_cell_integration_benchmark,42752543,2026 Sep 17,"Bioinformatics (Oxford, England)","CoSAG-nf: A Scalable Nextflow Pipeline for Co-assembly, Optimization, and Interactive Visualization of High-Throughput Single-Cell Genomes.",10.1093/bioinformatics/btag671
single_cell_integration_benchmark,42762640,2026 Sep 16,"Spectrochimica acta. Part A, Molecular and biomolecular spectroscopy",EEM fluorescence data-driven determination of cell density in adherent cell cultures.,10.1016/j.saa.2026.128788
single_cell_integration_benchmark,42747540,2026 Sep 16,Analytical and bioanalytical chemistry,Emerging technologies in the spatial proteomics landscape.,10.1007/s00216-026-06822-6
single_cell_integration_benchmark,42745031,2026 Sep 16,Analytical and bioanalytical chemistry,Intrinsic OPTIR imaging and spectroscopy enable label-free monitoring of viral infection in living cells.,10.1007/s00216-026-06801-x
single_cell_integration_benchmark,42532835,2026 Sep 16,Genome research,Moderated designs can balance between batch-effect mitigation and cell loss due to hashtag-assisted pooling in single-cell experiments.,10.1101/gr.281624.125
single_cell_integration_benchmark,42013531,2026 Sep 15,Journal of colloid and interface science,A surface enhanced Raman scattering nanotag library based on cucurbit[7]uril controlled nanoparticle aggregates for fast cell imaging.,10.1016/j.jcis.2026.140538
single_cell_integration_benchmark,42728030,2026 Sep 11,Gut,NCACC maps cross-sample spatial niches and reveals cIgG(+) epithelial rare cells driving liver cancer invasion.,10.1136/gutjnl-2026-338471
single_cell_integration_benchmark,42723032,2026 Sep 10,BMC cancer,"NNMT-associated metabolic-thromboinflammatory-immune co-activation in heterogeneous CTC clusters: a hypothesis-generating computational framework"".",10.1186/s12885-026-16692-x
single_cell_integration_benchmark,42716373,2026 Sep 10,The international journal of biochemistry & cell biology,"Annotation of cell types in single-cell sequencing for cardiovascular disease: Concepts, workflows, challenges, and best practices.",10.1016/j.biocel.2026.107027
single_cell_integration_benchmark,42765081,2026,Frontiers in genetics,Ultrasound radiomics integrated with an immune-related gene signature for predicting response and resistance to immune checkpoint inhibitors in cutaneous melanoma: a retrospective radiogenomic study with biological validation.,10.3389/fgene.2026.1920615
computational_reporting_standards,42541893,2026 Oct,Research in veterinary science,"Portable metagenomics for preventive surveillance and outbreak control in livestock and poultry: Pathogen detection, resistome profiling, and antimicrobial stewardship.",10.1016/j.rvsc.2026.106352
computational_reporting_standards,40412064,2025 Jun,Forensic science international. Genetics,"One sample, three genotypes: A flanking region deletion at the D19S433 locus causes genotyping discrepancies between CE and NGS technologies.",10.1016/j.fsigen.2025.103301
