title,status,grade_label,"The data were analyzed with the GCOS Affymetrix GeneChip Operating System (version 1.2) and Microarray Suite version 5.0 (MAS 5.0). Affymetrix default analysis settings and global scaling as normalization were used. Further normalization was acheived using GC-RMA (robust multiarray average) via GeneSifter analysis software (Viz Labs LLC, Seattle , WA; http",ftp,sample,donor,grade,paired_donor,mean_paired_effect
Disc Tissue 1- 271,senescent,III,//www.genesifter.net).,//ftp.ncbi.nlm.nih.gov/geo/samples/GSM427nnn/GSM427238/suppl/GSM427238.CHP.gz,GSM427238,1-271,3.0,False,
Disc Tissue 2 -272,senescent,IV,//www.genesifter.net).,//ftp.ncbi.nlm.nih.gov/geo/samples/GSM427nnn/GSM427239/suppl/GSM427239.CHP.gz,GSM427239,2-272,4.0,False,
Disc Tissue 3- 346,senescent,IV,//www.genesifter.net).,//ftp.ncbi.nlm.nih.gov/geo/samples/GSM427nnn/GSM427240/suppl/GSM427240.CHP.gz,GSM427240,3-346,4.0,False,
Disc Tissue 4- 347s,senescent,IV,//www.genesifter.net).,//ftp.ncbi.nlm.nih.gov/geo/samples/GSM427nnn/GSM427241/suppl/GSM427241.CHP.gz,GSM427241,4-347,4.0,True,-0.007156872936174063
Disc Tissue 4- 347ts,non-senescent,IV,//www.genesifter.net).,//ftp.ncbi.nlm.nih.gov/geo/samples/GSM427nnn/GSM427242/suppl/GSM427242.CHP.gz,GSM427242,4-347,4.0,True,-0.007156872936174063
Disc Tissue 5- 03s,senescent,IV,//www.genesifter.net).,//ftp.ncbi.nlm.nih.gov/geo/samples/GSM427nnn/GSM427243/suppl/GSM427243.CHP.gz,GSM427243,5-03,4.0,True,0.04049194689464875
Disc Tissue 5- 03ts,non-senescent,IV,//www.genesifter.net).,//ftp.ncbi.nlm.nih.gov/geo/samples/GSM427nnn/GSM427244/suppl/GSM427244.CHP.gz,GSM427244,5-03,4.0,True,0.04049194689464875
Disc Tissue 6- 04s,senescent,IV,//www.genesifter.net).,//ftp.ncbi.nlm.nih.gov/geo/samples/GSM427nnn/GSM427245/suppl/GSM427245.CHP.gz,GSM427245,6-04,4.0,True,0.01969393766680237
Disc Tissue 6- 04ts,non-senescent,IV,//www.genesifter.net).,//ftp.ncbi.nlm.nih.gov/geo/samples/GSM427nnn/GSM427246/suppl/GSM427246.CHP.gz,GSM427246,6-04,4.0,True,0.01969393766680237
Disc Tissue 7- 05s,senescent,V,//www.genesifter.net).,//ftp.ncbi.nlm.nih.gov/geo/samples/GSM427nnn/GSM427247/suppl/GSM427247.CHP.gz,GSM427247,7-05,5.0,True,-0.08856606459492468
Disc Tissue 7- 05ts,non-senescent,V,//www.genesifter.net).,//ftp.ncbi.nlm.nih.gov/geo/samples/GSM427nnn/GSM427248/suppl/GSM427248.CHP.gz,GSM427248,7-05,5.0,True,-0.08856606459492468
Disc Tissue 8- 123s,senescent,III,//www.genesifter.net).,//ftp.ncbi.nlm.nih.gov/geo/samples/GSM427nnn/GSM427249/suppl/GSM427249.CHP.gz,GSM427249,8-123,3.0,True,-0.0005034070656353182
Disc Tissue 8- 123ts,non-senescent,III,//www.genesifter.net).,//ftp.ncbi.nlm.nih.gov/geo/samples/GSM427nnn/GSM427250/suppl/GSM427250.CHP.gz,GSM427250,8-123,3.0,True,-0.0005034070656353182
Disc Tissue 9- 27s,senescent,III,//www.genesifter.net).,//ftp.ncbi.nlm.nih.gov/geo/samples/GSM427nnn/GSM427251/suppl/GSM427251.CHP.gz,GSM427251,9-27,3.0,True,0.09851646492061339
Disc Tissue 9- 27ts,non-senescent,III,//www.genesifter.net).,//ftp.ncbi.nlm.nih.gov/geo/samples/GSM427nnn/GSM427252/suppl/GSM427252.CHP.gz,GSM427252,9-27,3.0,True,0.09851646492061339
Disc Tissue 10- 28s,senescent,III,//www.genesifter.net).,//ftp.ncbi.nlm.nih.gov/geo/samples/GSM427nnn/GSM427253/suppl/GSM427253.CHP.gz,GSM427253,10-28,3.0,True,-0.017636901433934954
Disc Tissue 10- 28ts,non-senescent,III,//www.genesifter.net).,//ftp.ncbi.nlm.nih.gov/geo/samples/GSM427nnn/GSM427254/suppl/GSM427254.CHP.gz,GSM427254,10-28,3.0,True,-0.017636901433934954
Disc Tissue 11- 84s,senescent,III,//www.genesifter.net).,//ftp.ncbi.nlm.nih.gov/geo/samples/GSM427nnn/GSM427255/suppl/GSM427255.CHP.gz,GSM427255,11-84,3.0,True,0.04481091011896684
Disc Tissue 11- 84ts,non-senescent,III,//www.genesifter.net).,//ftp.ncbi.nlm.nih.gov/geo/samples/GSM427nnn/GSM427256/suppl/GSM427256.CHP.gz,GSM427256,11-84,3.0,True,0.04481091011896684
