comparison,module,n_genes,cohort_a_fraction_up,cohort_a_median_effect,cohort_a_sign_p,cohort_a_sign_p_two_sided,cohort_b_fraction_up,cohort_b_median_effect,cohort_b_sign_p,cohort_b_sign_p_two_sided,gene_concordance,gene_concordance_p,gene_concordance_p_two_sided,same_direction,significant_in_cohort_a,significant_in_cohort_b,gene_level_replicated
all available samples,Angiogenesis/vascular,18,0.6111111111111112,0.017141885393616323,0.24034118652343725,0.4806823730468745,0.7777777777777778,0.07695302114803859,0.015441894531249983,0.030883789062499965,0.7222222222222222,0.04812622070312501,0.09625244140625001,True,False,True,False
all available samples,Macrophage/myeloid,18,0.7222222222222222,0.005345428481154384,0.04812622070312501,0.09625244140625001,0.7222222222222222,0.02110939577039575,0.04812622070312501,0.09625244140625001,0.6666666666666666,0.11894226074218746,0.23788452148437492,True,True,True,False
all available samples,Adhesion/cytoskeleton,23,0.7391304347826086,0.02324842851671541,0.01734483242034914,0.03468966484069828,0.6956521739130435,0.05011724068479606,0.046569824218750146,0.09313964843750029,0.6086956521739131,0.2024364471435556,0.4048728942871112,True,True,True,False
all available samples,Apoptosis/autophagy,25,0.68,0.017055973827960813,0.05387607216835011,0.10775214433670022,0.72,0.031089003021151425,0.02164262533187862,0.04328525066375724,0.56,0.345018982887268,0.690037965774536,True,False,True,False
all available samples,Immune activation,31,0.5806451612903226,0.002086089854102834,0.23656482994556394,0.4731296598911279,0.41935483870967744,-0.015484652567970325,0.8594792424701133,0.473129659891128,0.5161290322580645,0.4999999999999987,0.9999999999999974,False,False,False,False
all available samples,ECM remodelling,30,0.4666666666666667,-0.011118711260792578,0.70766764413566,0.8555355519056387,0.8666666666666667,0.21378609264854392,2.9738061130046902e-05,5.9476122260093804e-05,0.4,0.8997557889670215,0.3615946080535678,False,False,True,False
all available samples,Inflammation/cytokine,29,0.5517241379310345,0.007519941610941569,0.35553555190562963,0.7110711038112593,0.5862068965517241,0.0033885699899320076,0.2291291598230583,0.4582583196461166,0.3448275862068966,0.9692858271300718,0.1360459476709354,True,False,False,False
grade I-IV LCM-only,Angiogenesis/vascular,18,0.5555555555555556,0.012561955896078187,0.40726470947265625,0.8145294189453125,0.7777777777777778,0.04566512096774199,0.015441894531249983,0.030883789062499965,0.6666666666666666,0.11894226074218746,0.23788452148437492,True,False,True,False
grade I-IV LCM-only,Immune activation,31,0.5483870967741935,0.003884364470587903,0.3600500659085799,0.7201001318171598,0.41935483870967744,-0.010572983870967417,0.8594792424701133,0.473129659891128,0.6129032258064516,0.14052075752988424,0.2810415150597685,False,False,False,False
grade I-IV LCM-only,Apoptosis/autophagy,25,0.56,0.0032634028392153694,0.345018982887268,0.690037965774536,0.72,0.044591290322581245,0.02164262533187862,0.04328525066375724,0.52,0.49999999999999983,0.9999999999999997,True,False,True,False
grade I-IV LCM-only,Adhesion/cytoskeleton,23,0.6956521739130435,0.04473025650588198,0.046569824218750146,0.09313964843750029,0.6956521739130435,0.04201588709677452,0.046569824218750146,0.09313964843750029,0.4782608695652174,0.6611802577972447,1.0,True,True,True,False
grade I-IV LCM-only,Macrophage/myeloid,18,0.3333333333333333,-0.008167499768627517,0.9518737792968758,0.23788452148437514,0.5555555555555556,0.014350483870968041,0.40726470947265625,0.8145294189453125,0.4444444444444444,0.7596588134765634,0.8145294189453127,False,False,False,False
grade I-IV LCM-only,Inflammation/cytokine,29,0.6551724137931034,0.011097444313725247,0.06802297383546782,0.13604594767093564,0.6206896551724138,0.00840838709677493,0.13246544823050396,0.2649308964610079,0.41379310344827586,0.8675345517694885,0.45825831964611574,True,False,False,False
grade I-IV LCM-only,ECM remodelling,30,0.4666666666666667,-0.0066821970509809946,0.70766764413566,0.8555355519056387,0.7666666666666667,0.2569016532258065,0.00261143967509271,0.00522287935018542,0.23333333333333334,0.9992845468223183,0.00522287935018542,False,False,True,False
