mode,replicate,n_samples,n_donors,fraction_up,median_effect,gene_concordance,effect_rho
one_sample_per_donor,0,16,16,0.4666666666666667,-0.009687708091785555,0.3,-0.575083426028921
one_sample_per_donor,1,16,16,0.5,0.0017130730141380985,0.26666666666666666,-0.5443826473859844
one_sample_per_donor,2,16,16,0.4666666666666667,-0.013442826992346129,0.3,-0.5612903225806452
one_sample_per_donor,3,16,16,0.5,-0.0004727817848373555,0.26666666666666666,-0.4981090100111235
one_sample_per_donor,4,16,16,0.5,-0.0009539735498964091,0.26666666666666666,-0.4958843159065628
one_sample_per_donor,5,16,16,0.4666666666666667,-0.015586367219389616,0.3,-0.4758620689655172
one_sample_per_donor,6,16,16,0.4666666666666667,-0.015586367219389616,0.3,-0.4758620689655172
one_sample_per_donor,7,16,16,0.4666666666666667,-0.015586367219389616,0.3,-0.4758620689655172
one_sample_per_donor,8,16,16,0.4666666666666667,-0.016411719371501984,0.23333333333333334,-0.5635150166852058
one_sample_per_donor,9,16,16,0.5,0.0017130730141380985,0.26666666666666666,-0.5443826473859844
one_sample_per_donor,10,16,16,0.5,-0.0009539735498964091,0.26666666666666666,-0.4958843159065628
one_sample_per_donor,11,16,16,0.5333333333333333,0.0019657100954402,0.3,-0.47363737486095664
one_sample_per_donor,12,16,16,0.5333333333333333,0.016026807497654862,0.3,-0.5506117908787541
one_sample_per_donor,13,16,16,0.4666666666666667,-0.010350060159639006,0.3,-0.5310344827586206
one_sample_per_donor,14,16,16,0.5333333333333333,0.016026807497654862,0.3,-0.5506117908787541
one_sample_per_donor,15,16,16,0.4666666666666667,-0.013442826992346129,0.3,-0.5612903225806452
one_sample_per_donor,16,16,16,0.5,-0.007342642813562715,0.3333333333333333,-0.4834260289210234
one_sample_per_donor,17,16,16,0.4666666666666667,-0.010350060159639006,0.3,-0.5310344827586206
one_sample_per_donor,18,16,16,0.5,-0.0004727817848373555,0.26666666666666666,-0.4981090100111235
one_sample_per_donor,19,16,16,0.5,0.005874060462607654,0.26666666666666666,-0.4629588431590656
one_sample_per_donor,20,16,16,0.5,0.005874060462607654,0.26666666666666666,-0.4629588431590656
one_sample_per_donor,21,16,16,0.4666666666666667,-0.010350060159639006,0.3,-0.5310344827586206
one_sample_per_donor,22,16,16,0.5333333333333333,0.016026807497654862,0.3,-0.5506117908787541
one_sample_per_donor,23,16,16,0.5333333333333333,0.0019657100954402,0.3,-0.47363737486095664
one_sample_per_donor,24,16,16,0.4666666666666667,-0.015586367219389616,0.3,-0.4758620689655172
one_sample_per_donor,25,16,16,0.5,0.005874060462607654,0.26666666666666666,-0.4629588431590656
one_sample_per_donor,26,16,16,0.5333333333333333,0.016026807497654862,0.3,-0.5506117908787541
one_sample_per_donor,27,16,16,0.4666666666666667,-0.009687708091785555,0.3,-0.575083426028921
one_sample_per_donor,28,16,16,0.5,-0.0004727817848373555,0.26666666666666666,-0.4981090100111235
one_sample_per_donor,29,16,16,0.4666666666666667,-0.009687708091785555,0.3,-0.575083426028921
one_sample_per_donor,30,16,16,0.5,-0.0004727817848373555,0.26666666666666666,-0.4981090100111235
one_sample_per_donor,31,16,16,0.4666666666666667,-0.016411719371501984,0.23333333333333334,-0.5635150166852058
one_sample_per_donor,32,16,16,0.5,-0.007065341791786775,0.3333333333333333,-0.4602892102335928
one_sample_per_donor,33,16,16,0.5,0.0017130730141380985,0.26666666666666666,-0.5443826473859844
one_sample_per_donor,34,16,16,0.5,-0.0004727817848373555,0.26666666666666666,-0.4981090100111235
one_sample_per_donor,35,16,16,0.5333333333333333,0.0019657100954402,0.3,-0.47363737486095664
one_sample_per_donor,36,16,16,0.4666666666666667,-0.015586367219389616,0.3,-0.4758620689655172
one_sample_per_donor,37,16,16,0.5,-0.007342642813562715,0.3333333333333333,-0.4834260289210234
one_sample_per_donor,38,16,16,0.4666666666666667,-0.010350060159639006,0.3,-0.5310344827586206
one_sample_per_donor,39,16,16,0.5,0.0017130730141380985,0.26666666666666666,-0.5443826473859844
one_sample_per_donor,40,16,16,0.4666666666666667,-0.009687708091785555,0.3,-0.575083426028921
one_sample_per_donor,41,16,16,0.5,0.0017130730141380985,0.26666666666666666,-0.5443826473859844
one_sample_per_donor,42,16,16,0.5,-0.003575561795896751,0.3333333333333333,-0.5648498331479421
one_sample_per_donor,43,16,16,0.4666666666666667,-0.013442826992346129,0.3,-0.5612903225806452
one_sample_per_donor,44,16,16,0.4666666666666667,-0.015586367219389616,0.3,-0.4758620689655172
one_sample_per_donor,45,16,16,0.5,0.005874060462607654,0.26666666666666666,-0.4629588431590656
one_sample_per_donor,46,16,16,0.5,-0.007065341791786775,0.3333333333333333,-0.4602892102335928
one_sample_per_donor,47,16,16,0.4666666666666667,-0.004636042030611088,0.3,-0.49410456062291436
one_sample_per_donor,48,16,16,0.4666666666666667,-0.015586367219389616,0.3,-0.4758620689655172
one_sample_per_donor,49,16,16,0.4666666666666667,-0.013442826992346129,0.3,-0.5612903225806452
one_sample_per_donor,50,16,16,0.5,-0.0009539735498964091,0.26666666666666666,-0.4958843159065628
one_sample_per_donor,51,16,16,0.5,-0.0009539735498964091,0.26666666666666666,-0.4958843159065628
one_sample_per_donor,52,16,16,0.5,0.005874060462607654,0.26666666666666666,-0.4629588431590656
one_sample_per_donor,53,16,16,0.4666666666666667,-0.015586367219389616,0.3,-0.4758620689655172
one_sample_per_donor,54,16,16,0.5333333333333333,0.0019657100954402,0.3,-0.47363737486095664
one_sample_per_donor,55,16,16,0.5333333333333333,0.0019657100954402,0.3,-0.47363737486095664
one_sample_per_donor,56,16,16,0.5,-0.0004727817848373555,0.26666666666666666,-0.4981090100111235
one_sample_per_donor,57,16,16,0.5,0.0017130730141380985,0.26666666666666666,-0.5443826473859844
one_sample_per_donor,58,16,16,0.5,-0.003575561795896751,0.3333333333333333,-0.5648498331479421
one_sample_per_donor,59,16,16,0.5,-0.003575561795896751,0.3333333333333333,-0.5648498331479421
one_sample_per_donor,60,16,16,0.5,-0.007342642813562715,0.3333333333333333,-0.4834260289210234
one_sample_per_donor,61,16,16,0.4666666666666667,-0.013202996365511952,0.23333333333333334,-0.5528364849833148
one_sample_per_donor,62,16,16,0.4666666666666667,-0.016411719371501984,0.23333333333333334,-0.5635150166852058
one_sample_per_donor,63,16,16,0.5,-0.007065341791786775,0.3333333333333333,-0.4602892102335928
one_sample_per_donor,64,16,16,0.4666666666666667,-0.010350060159639006,0.3,-0.5310344827586206
one_sample_per_donor,65,16,16,0.4666666666666667,-0.015586367219389616,0.3,-0.4758620689655172
one_sample_per_donor,66,16,16,0.4666666666666667,-0.004636042030611088,0.3,-0.49410456062291436
one_sample_per_donor,67,16,16,0.4666666666666667,-0.010350060159639006,0.3,-0.5310344827586206
one_sample_per_donor,68,16,16,0.5,-0.007342642813562715,0.3333333333333333,-0.4834260289210234
one_sample_per_donor,69,16,16,0.4666666666666667,-0.013442826992346129,0.3,-0.5612903225806452
one_sample_per_donor,70,16,16,0.5,-0.0004727817848373555,0.26666666666666666,-0.4981090100111235
one_sample_per_donor,71,16,16,0.5,0.0017130730141380985,0.26666666666666666,-0.5443826473859844
one_sample_per_donor,72,16,16,0.5,0.005874060462607654,0.26666666666666666,-0.4629588431590656
one_sample_per_donor,73,16,16,0.5333333333333333,0.016026807497654862,0.3,-0.5506117908787541
one_sample_per_donor,74,16,16,0.4666666666666667,-0.013202996365511952,0.23333333333333334,-0.5528364849833148
one_sample_per_donor,75,16,16,0.5,0.005874060462607654,0.26666666666666666,-0.4629588431590656
one_sample_per_donor,76,16,16,0.5,0.005874060462607654,0.26666666666666666,-0.4629588431590656
one_sample_per_donor,77,16,16,0.5,-0.0009539735498964091,0.26666666666666666,-0.4958843159065628
one_sample_per_donor,78,16,16,0.5,0.005874060462607654,0.26666666666666666,-0.4629588431590656
one_sample_per_donor,79,16,16,0.5,-0.003575561795896751,0.3333333333333333,-0.5648498331479421
one_sample_per_donor,80,16,16,0.5,-0.0009539735498964091,0.26666666666666666,-0.4958843159065628
one_sample_per_donor,81,16,16,0.4666666666666667,-0.010350060159639006,0.3,-0.5310344827586206
one_sample_per_donor,82,16,16,0.5,0.0017130730141380985,0.26666666666666666,-0.5443826473859844
one_sample_per_donor,83,16,16,0.5,-0.0004727817848373555,0.26666666666666666,-0.4981090100111235
one_sample_per_donor,84,16,16,0.4666666666666667,-0.013202996365511952,0.23333333333333334,-0.5528364849833148
one_sample_per_donor,85,16,16,0.5,0.0017130730141380985,0.26666666666666666,-0.5443826473859844
one_sample_per_donor,86,16,16,0.4666666666666667,-0.015586367219389616,0.3,-0.4758620689655172
one_sample_per_donor,87,16,16,0.5333333333333333,0.0019657100954402,0.3,-0.47363737486095664
one_sample_per_donor,88,16,16,0.5,-0.0009539735498964091,0.26666666666666666,-0.4958843159065628
one_sample_per_donor,89,16,16,0.5333333333333333,0.0019657100954402,0.3,-0.47363737486095664
one_sample_per_donor,90,16,16,0.5,-0.007065341791786775,0.3333333333333333,-0.4602892102335928
one_sample_per_donor,91,16,16,0.5,-0.007065341791786775,0.3333333333333333,-0.4602892102335928
one_sample_per_donor,92,16,16,0.4666666666666667,-0.013442826992346129,0.3,-0.5612903225806452
one_sample_per_donor,93,16,16,0.5333333333333333,0.0019657100954402,0.3,-0.47363737486095664
one_sample_per_donor,94,16,16,0.5,0.005874060462607654,0.26666666666666666,-0.4629588431590656
one_sample_per_donor,95,16,16,0.4666666666666667,-0.013442826992346129,0.3,-0.5612903225806452
one_sample_per_donor,96,16,16,0.5,-0.003575561795896751,0.3333333333333333,-0.5648498331479421
one_sample_per_donor,97,16,16,0.5,-0.0009539735498964091,0.26666666666666666,-0.4958843159065628
one_sample_per_donor,98,16,16,0.5333333333333333,0.0019657100954402,0.3,-0.47363737486095664
one_sample_per_donor,99,16,16,0.4666666666666667,-0.013202996365511952,0.23333333333333334,-0.5528364849833148
one_sample_per_donor,100,16,16,0.5,-0.007342642813562715,0.3333333333333333,-0.4834260289210234
one_sample_per_donor,101,16,16,0.5,-0.003575561795896751,0.3333333333333333,-0.5648498331479421
one_sample_per_donor,102,16,16,0.4666666666666667,-0.015586367219389616,0.3,-0.4758620689655172
one_sample_per_donor,103,16,16,0.4666666666666667,-0.016411719371501984,0.23333333333333334,-0.5635150166852058
one_sample_per_donor,104,16,16,0.4666666666666667,-0.004636042030611088,0.3,-0.49410456062291436
one_sample_per_donor,105,16,16,0.4666666666666667,-0.010350060159639006,0.3,-0.5310344827586206
one_sample_per_donor,106,16,16,0.5333333333333333,0.016026807497654862,0.3,-0.5506117908787541
one_sample_per_donor,107,16,16,0.4666666666666667,-0.016411719371501984,0.23333333333333334,-0.5635150166852058
one_sample_per_donor,108,16,16,0.4666666666666667,-0.010350060159639006,0.3,-0.5310344827586206
one_sample_per_donor,109,16,16,0.5333333333333333,0.0019657100954402,0.3,-0.47363737486095664
one_sample_per_donor,110,16,16,0.5333333333333333,0.016026807497654862,0.3,-0.5506117908787541
one_sample_per_donor,111,16,16,0.4666666666666667,-0.015586367219389616,0.3,-0.4758620689655172
one_sample_per_donor,112,16,16,0.4666666666666667,-0.016411719371501984,0.23333333333333334,-0.5635150166852058
one_sample_per_donor,113,16,16,0.4666666666666667,-0.004636042030611088,0.3,-0.49410456062291436
one_sample_per_donor,114,16,16,0.5,-0.007065341791786775,0.3333333333333333,-0.4602892102335928
one_sample_per_donor,115,16,16,0.4666666666666667,-0.016411719371501984,0.23333333333333334,-0.5635150166852058
one_sample_per_donor,116,16,16,0.5,-0.007342642813562715,0.3333333333333333,-0.4834260289210234
one_sample_per_donor,117,16,16,0.4666666666666667,-0.013202996365511952,0.23333333333333334,-0.5528364849833148
one_sample_per_donor,118,16,16,0.5,-0.003575561795896751,0.3333333333333333,-0.5648498331479421
one_sample_per_donor,119,16,16,0.4666666666666667,-0.016411719371501984,0.23333333333333334,-0.5635150166852058
one_sample_per_donor,120,16,16,0.4666666666666667,-0.004636042030611088,0.3,-0.49410456062291436
one_sample_per_donor,121,16,16,0.5,-0.0009539735498964091,0.26666666666666666,-0.4958843159065628
one_sample_per_donor,122,16,16,0.4666666666666667,-0.016411719371501984,0.23333333333333334,-0.5635150166852058
one_sample_per_donor,123,16,16,0.5,0.0017130730141380985,0.26666666666666666,-0.5443826473859844
one_sample_per_donor,124,16,16,0.4666666666666667,-0.016411719371501984,0.23333333333333334,-0.5635150166852058
one_sample_per_donor,125,16,16,0.5,-0.0009539735498964091,0.26666666666666666,-0.4958843159065628
one_sample_per_donor,126,16,16,0.4666666666666667,-0.010350060159639006,0.3,-0.5310344827586206
one_sample_per_donor,127,16,16,0.4666666666666667,-0.015586367219389616,0.3,-0.4758620689655172
one_sample_per_donor,128,16,16,0.4666666666666667,-0.010350060159639006,0.3,-0.5310344827586206
one_sample_per_donor,129,16,16,0.5,-0.007065341791786775,0.3333333333333333,-0.4602892102335928
one_sample_per_donor,130,16,16,0.4666666666666667,-0.015586367219389616,0.3,-0.4758620689655172
one_sample_per_donor,131,16,16,0.4666666666666667,-0.010350060159639006,0.3,-0.5310344827586206
one_sample_per_donor,132,16,16,0.5333333333333333,0.0019657100954402,0.3,-0.47363737486095664
one_sample_per_donor,133,16,16,0.5,-0.0009539735498964091,0.26666666666666666,-0.4958843159065628
one_sample_per_donor,134,16,16,0.4666666666666667,-0.004636042030611088,0.3,-0.49410456062291436
one_sample_per_donor,135,16,16,0.4666666666666667,-0.010350060159639006,0.3,-0.5310344827586206
one_sample_per_donor,136,16,16,0.5,-0.007342642813562715,0.3333333333333333,-0.4834260289210234
one_sample_per_donor,137,16,16,0.5,-0.003575561795896751,0.3333333333333333,-0.5648498331479421
one_sample_per_donor,138,16,16,0.5333333333333333,0.016026807497654862,0.3,-0.5506117908787541
one_sample_per_donor,139,16,16,0.4666666666666667,-0.013202996365511952,0.23333333333333334,-0.5528364849833148
one_sample_per_donor,140,16,16,0.5333333333333333,0.0019657100954402,0.3,-0.47363737486095664
one_sample_per_donor,141,16,16,0.5,-0.003575561795896751,0.3333333333333333,-0.5648498331479421
one_sample_per_donor,142,16,16,0.4666666666666667,-0.015586367219389616,0.3,-0.4758620689655172
one_sample_per_donor,143,16,16,0.4666666666666667,-0.004636042030611088,0.3,-0.49410456062291436
one_sample_per_donor,144,16,16,0.4666666666666667,-0.015586367219389616,0.3,-0.4758620689655172
one_sample_per_donor,145,16,16,0.5,0.0017130730141380985,0.26666666666666666,-0.5443826473859844
one_sample_per_donor,146,16,16,0.5,0.005874060462607654,0.26666666666666666,-0.4629588431590656
one_sample_per_donor,147,16,16,0.5333333333333333,0.0019657100954402,0.3,-0.47363737486095664
one_sample_per_donor,148,16,16,0.5,0.0017130730141380985,0.26666666666666666,-0.5443826473859844
one_sample_per_donor,149,16,16,0.4666666666666667,-0.015586367219389616,0.3,-0.4758620689655172
one_sample_per_donor,150,16,16,0.5,-0.0009539735498964091,0.26666666666666666,-0.4958843159065628
one_sample_per_donor,151,16,16,0.4666666666666667,-0.013442826992346129,0.3,-0.5612903225806452
one_sample_per_donor,152,16,16,0.5,0.0017130730141380985,0.26666666666666666,-0.5443826473859844
one_sample_per_donor,153,16,16,0.5333333333333333,0.0019657100954402,0.3,-0.47363737486095664
one_sample_per_donor,154,16,16,0.4666666666666667,-0.016411719371501984,0.23333333333333334,-0.5635150166852058
one_sample_per_donor,155,16,16,0.5,-0.003575561795896751,0.3333333333333333,-0.5648498331479421
one_sample_per_donor,156,16,16,0.4666666666666667,-0.004636042030611088,0.3,-0.49410456062291436
one_sample_per_donor,157,16,16,0.5,-0.0009539735498964091,0.26666666666666666,-0.4958843159065628
one_sample_per_donor,158,16,16,0.5,-0.003575561795896751,0.3333333333333333,-0.5648498331479421
one_sample_per_donor,159,16,16,0.4666666666666667,-0.016411719371501984,0.23333333333333334,-0.5635150166852058
one_sample_per_donor,160,16,16,0.4666666666666667,-0.015586367219389616,0.3,-0.4758620689655172
one_sample_per_donor,161,16,16,0.5,-0.003575561795896751,0.3333333333333333,-0.5648498331479421
one_sample_per_donor,162,16,16,0.4666666666666667,-0.004636042030611088,0.3,-0.49410456062291436
one_sample_per_donor,163,16,16,0.5333333333333333,0.016026807497654862,0.3,-0.5506117908787541
one_sample_per_donor,164,16,16,0.5,-0.007065341791786775,0.3333333333333333,-0.4602892102335928
one_sample_per_donor,165,16,16,0.5,-0.003575561795896751,0.3333333333333333,-0.5648498331479421
one_sample_per_donor,166,16,16,0.5,-0.003575561795896751,0.3333333333333333,-0.5648498331479421
one_sample_per_donor,167,16,16,0.5,-0.0004727817848373555,0.26666666666666666,-0.4981090100111235
one_sample_per_donor,168,16,16,0.5,-0.0004727817848373555,0.26666666666666666,-0.4981090100111235
one_sample_per_donor,169,16,16,0.5,-0.007342642813562715,0.3333333333333333,-0.4834260289210234
one_sample_per_donor,170,16,16,0.5,-0.007065341791786775,0.3333333333333333,-0.4602892102335928
one_sample_per_donor,171,16,16,0.4666666666666667,-0.009687708091785555,0.3,-0.575083426028921
one_sample_per_donor,172,16,16,0.4666666666666667,-0.015586367219389616,0.3,-0.4758620689655172
one_sample_per_donor,173,16,16,0.5,-0.0004727817848373555,0.26666666666666666,-0.4981090100111235
one_sample_per_donor,174,16,16,0.4666666666666667,-0.013442826992346129,0.3,-0.5612903225806452
one_sample_per_donor,175,16,16,0.4666666666666667,-0.013442826992346129,0.3,-0.5612903225806452
one_sample_per_donor,176,16,16,0.5333333333333333,0.016026807497654862,0.3,-0.5506117908787541
one_sample_per_donor,177,16,16,0.4666666666666667,-0.010350060159639006,0.3,-0.5310344827586206
one_sample_per_donor,178,16,16,0.4666666666666667,-0.016411719371501984,0.23333333333333334,-0.5635150166852058
one_sample_per_donor,179,16,16,0.4666666666666667,-0.010350060159639006,0.3,-0.5310344827586206
one_sample_per_donor,180,16,16,0.5,-0.0009539735498964091,0.26666666666666666,-0.4958843159065628
one_sample_per_donor,181,16,16,0.4666666666666667,-0.015586367219389616,0.3,-0.4758620689655172
one_sample_per_donor,182,16,16,0.5333333333333333,0.0019657100954402,0.3,-0.47363737486095664
one_sample_per_donor,183,16,16,0.5,-0.0009539735498964091,0.26666666666666666,-0.4958843159065628
one_sample_per_donor,184,16,16,0.5,0.005874060462607654,0.26666666666666666,-0.4629588431590656
one_sample_per_donor,185,16,16,0.4666666666666667,-0.016411719371501984,0.23333333333333334,-0.5635150166852058
one_sample_per_donor,186,16,16,0.5,-0.0009539735498964091,0.26666666666666666,-0.4958843159065628
one_sample_per_donor,187,16,16,0.5333333333333333,0.0019657100954402,0.3,-0.47363737486095664
one_sample_per_donor,188,16,16,0.5,0.005874060462607654,0.26666666666666666,-0.4629588431590656
one_sample_per_donor,189,16,16,0.4666666666666667,-0.013442826992346129,0.3,-0.5612903225806452
one_sample_per_donor,190,16,16,0.4666666666666667,-0.010350060159639006,0.3,-0.5310344827586206
one_sample_per_donor,191,16,16,0.4666666666666667,-0.016411719371501984,0.23333333333333334,-0.5635150166852058
one_sample_per_donor,192,16,16,0.5,0.0017130730141380985,0.26666666666666666,-0.5443826473859844
one_sample_per_donor,193,16,16,0.4666666666666667,-0.009687708091785555,0.3,-0.575083426028921
one_sample_per_donor,194,16,16,0.5,-0.0004727817848373555,0.26666666666666666,-0.4981090100111235
one_sample_per_donor,195,16,16,0.5,-0.0009539735498964091,0.26666666666666666,-0.4958843159065628
one_sample_per_donor,196,16,16,0.5333333333333333,0.0019657100954402,0.3,-0.47363737486095664
one_sample_per_donor,197,16,16,0.5,-0.007065341791786775,0.3333333333333333,-0.4602892102335928
one_sample_per_donor,198,16,16,0.4666666666666667,-0.010350060159639006,0.3,-0.5310344827586206
one_sample_per_donor,199,16,16,0.5,-0.007342642813562715,0.3333333333333333,-0.4834260289210234
one_sample_per_donor,200,16,16,0.4666666666666667,-0.013202996365511952,0.23333333333333334,-0.5528364849833148
one_sample_per_donor,201,16,16,0.4666666666666667,-0.013202996365511952,0.23333333333333334,-0.5528364849833148
one_sample_per_donor,202,16,16,0.4666666666666667,-0.009687708091785555,0.3,-0.575083426028921
one_sample_per_donor,203,16,16,0.5,-0.003575561795896751,0.3333333333333333,-0.5648498331479421
one_sample_per_donor,204,16,16,0.4666666666666667,-0.009687708091785555,0.3,-0.575083426028921
one_sample_per_donor,205,16,16,0.4666666666666667,-0.009687708091785555,0.3,-0.575083426028921
one_sample_per_donor,206,16,16,0.5,-0.007065341791786775,0.3333333333333333,-0.4602892102335928
one_sample_per_donor,207,16,16,0.5,0.0017130730141380985,0.26666666666666666,-0.5443826473859844
one_sample_per_donor,208,16,16,0.5,-0.007342642813562715,0.3333333333333333,-0.4834260289210234
one_sample_per_donor,209,16,16,0.4666666666666667,-0.009687708091785555,0.3,-0.575083426028921
one_sample_per_donor,210,16,16,0.5,0.0017130730141380985,0.26666666666666666,-0.5443826473859844
one_sample_per_donor,211,16,16,0.4666666666666667,-0.004636042030611088,0.3,-0.49410456062291436
one_sample_per_donor,212,16,16,0.4666666666666667,-0.013202996365511952,0.23333333333333334,-0.5528364849833148
one_sample_per_donor,213,16,16,0.4666666666666667,-0.013202996365511952,0.23333333333333334,-0.5528364849833148
one_sample_per_donor,214,16,16,0.5,-0.007065341791786775,0.3333333333333333,-0.4602892102335928
one_sample_per_donor,215,16,16,0.5,-0.0004727817848373555,0.26666666666666666,-0.4981090100111235
one_sample_per_donor,216,16,16,0.4666666666666667,-0.010350060159639006,0.3,-0.5310344827586206
one_sample_per_donor,217,16,16,0.5,0.0017130730141380985,0.26666666666666666,-0.5443826473859844
one_sample_per_donor,218,16,16,0.5,-0.0009539735498964091,0.26666666666666666,-0.4958843159065628
one_sample_per_donor,219,16,16,0.4666666666666667,-0.016411719371501984,0.23333333333333334,-0.5635150166852058
one_sample_per_donor,220,16,16,0.5333333333333333,0.0019657100954402,0.3,-0.47363737486095664
one_sample_per_donor,221,16,16,0.5,-0.0009539735498964091,0.26666666666666666,-0.4958843159065628
one_sample_per_donor,222,16,16,0.4666666666666667,-0.013202996365511952,0.23333333333333334,-0.5528364849833148
one_sample_per_donor,223,16,16,0.5333333333333333,0.0019657100954402,0.3,-0.47363737486095664
one_sample_per_donor,224,16,16,0.4666666666666667,-0.004636042030611088,0.3,-0.49410456062291436
one_sample_per_donor,225,16,16,0.5,0.005874060462607654,0.26666666666666666,-0.4629588431590656
one_sample_per_donor,226,16,16,0.4666666666666667,-0.009687708091785555,0.3,-0.575083426028921
one_sample_per_donor,227,16,16,0.5,0.0017130730141380985,0.26666666666666666,-0.5443826473859844
one_sample_per_donor,228,16,16,0.5,-0.007342642813562715,0.3333333333333333,-0.4834260289210234
one_sample_per_donor,229,16,16,0.4666666666666667,-0.013202996365511952,0.23333333333333334,-0.5528364849833148
one_sample_per_donor,230,16,16,0.4666666666666667,-0.004636042030611088,0.3,-0.49410456062291436
one_sample_per_donor,231,16,16,0.4666666666666667,-0.004636042030611088,0.3,-0.49410456062291436
one_sample_per_donor,232,16,16,0.5333333333333333,0.016026807497654862,0.3,-0.5506117908787541
one_sample_per_donor,233,16,16,0.4666666666666667,-0.010350060159639006,0.3,-0.5310344827586206
one_sample_per_donor,234,16,16,0.4666666666666667,-0.016411719371501984,0.23333333333333334,-0.5635150166852058
one_sample_per_donor,235,16,16,0.4666666666666667,-0.009687708091785555,0.3,-0.575083426028921
one_sample_per_donor,236,16,16,0.4666666666666667,-0.013442826992346129,0.3,-0.5612903225806452
one_sample_per_donor,237,16,16,0.4666666666666667,-0.013442826992346129,0.3,-0.5612903225806452
one_sample_per_donor,238,16,16,0.4666666666666667,-0.015586367219389616,0.3,-0.4758620689655172
one_sample_per_donor,239,16,16,0.4666666666666667,-0.009687708091785555,0.3,-0.575083426028921
one_sample_per_donor,240,16,16,0.5,0.0017130730141380985,0.26666666666666666,-0.5443826473859844
one_sample_per_donor,241,16,16,0.5333333333333333,0.016026807497654862,0.3,-0.5506117908787541
one_sample_per_donor,242,16,16,0.4666666666666667,-0.009687708091785555,0.3,-0.575083426028921
one_sample_per_donor,243,16,16,0.4666666666666667,-0.016411719371501984,0.23333333333333334,-0.5635150166852058
one_sample_per_donor,244,16,16,0.5,-0.0009539735498964091,0.26666666666666666,-0.4958843159065628
one_sample_per_donor,245,16,16,0.4666666666666667,-0.015586367219389616,0.3,-0.4758620689655172
one_sample_per_donor,246,16,16,0.4666666666666667,-0.015586367219389616,0.3,-0.4758620689655172
one_sample_per_donor,247,16,16,0.4666666666666667,-0.004636042030611088,0.3,-0.49410456062291436
one_sample_per_donor,248,16,16,0.5,-0.0009539735498964091,0.26666666666666666,-0.4958843159065628
one_sample_per_donor,249,16,16,0.5,0.0017130730141380985,0.26666666666666666,-0.5443826473859844
one_sample_per_donor,250,16,16,0.5333333333333333,0.0019657100954402,0.3,-0.47363737486095664
one_sample_per_donor,251,16,16,0.5,-0.0004727817848373555,0.26666666666666666,-0.4981090100111235
one_sample_per_donor,252,16,16,0.5333333333333333,0.016026807497654862,0.3,-0.5506117908787541
one_sample_per_donor,253,16,16,0.5,0.0017130730141380985,0.26666666666666666,-0.5443826473859844
one_sample_per_donor,254,16,16,0.4666666666666667,-0.009687708091785555,0.3,-0.575083426028921
one_sample_per_donor,255,16,16,0.5,0.0017130730141380985,0.26666666666666666,-0.5443826473859844
one_sample_per_donor,256,16,16,0.5,0.005874060462607654,0.26666666666666666,-0.4629588431590656
one_sample_per_donor,257,16,16,0.5,-0.007342642813562715,0.3333333333333333,-0.4834260289210234
one_sample_per_donor,258,16,16,0.4666666666666667,-0.009687708091785555,0.3,-0.575083426028921
one_sample_per_donor,259,16,16,0.5,-0.0004727817848373555,0.26666666666666666,-0.4981090100111235
one_sample_per_donor,260,16,16,0.4666666666666667,-0.015586367219389616,0.3,-0.4758620689655172
one_sample_per_donor,261,16,16,0.4666666666666667,-0.004636042030611088,0.3,-0.49410456062291436
one_sample_per_donor,262,16,16,0.5,-0.003575561795896751,0.3333333333333333,-0.5648498331479421
one_sample_per_donor,263,16,16,0.5,-0.007065341791786775,0.3333333333333333,-0.4602892102335928
one_sample_per_donor,264,16,16,0.5,-0.003575561795896751,0.3333333333333333,-0.5648498331479421
one_sample_per_donor,265,16,16,0.5,-0.007065341791786775,0.3333333333333333,-0.4602892102335928
one_sample_per_donor,266,16,16,0.4666666666666667,-0.013442826992346129,0.3,-0.5612903225806452
one_sample_per_donor,267,16,16,0.5,0.005874060462607654,0.26666666666666666,-0.4629588431590656
one_sample_per_donor,268,16,16,0.5333333333333333,0.0019657100954402,0.3,-0.47363737486095664
one_sample_per_donor,269,16,16,0.5,-0.007065341791786775,0.3333333333333333,-0.4602892102335928
one_sample_per_donor,270,16,16,0.5,-0.007065341791786775,0.3333333333333333,-0.4602892102335928
one_sample_per_donor,271,16,16,0.5,0.005874060462607654,0.26666666666666666,-0.4629588431590656
one_sample_per_donor,272,16,16,0.4666666666666667,-0.004636042030611088,0.3,-0.49410456062291436
one_sample_per_donor,273,16,16,0.5,0.0017130730141380985,0.26666666666666666,-0.5443826473859844
one_sample_per_donor,274,16,16,0.4666666666666667,-0.004636042030611088,0.3,-0.49410456062291436
one_sample_per_donor,275,16,16,0.5,0.005874060462607654,0.26666666666666666,-0.4629588431590656
one_sample_per_donor,276,16,16,0.5,-0.003575561795896751,0.3333333333333333,-0.5648498331479421
one_sample_per_donor,277,16,16,0.4666666666666667,-0.015586367219389616,0.3,-0.4758620689655172
one_sample_per_donor,278,16,16,0.5,0.005874060462607654,0.26666666666666666,-0.4629588431590656
one_sample_per_donor,279,16,16,0.4666666666666667,-0.004636042030611088,0.3,-0.49410456062291436
one_sample_per_donor,280,16,16,0.5333333333333333,0.0019657100954402,0.3,-0.47363737486095664
one_sample_per_donor,281,16,16,0.4666666666666667,-0.009687708091785555,0.3,-0.575083426028921
one_sample_per_donor,282,16,16,0.4666666666666667,-0.013202996365511952,0.23333333333333334,-0.5528364849833148
one_sample_per_donor,283,16,16,0.4666666666666667,-0.015586367219389616,0.3,-0.4758620689655172
one_sample_per_donor,284,16,16,0.5,-0.007065341791786775,0.3333333333333333,-0.4602892102335928
one_sample_per_donor,285,16,16,0.5,-0.007065341791786775,0.3333333333333333,-0.4602892102335928
one_sample_per_donor,286,16,16,0.5,-0.007342642813562715,0.3333333333333333,-0.4834260289210234
one_sample_per_donor,287,16,16,0.4666666666666667,-0.013202996365511952,0.23333333333333334,-0.5528364849833148
one_sample_per_donor,288,16,16,0.5333333333333333,0.0019657100954402,0.3,-0.47363737486095664
one_sample_per_donor,289,16,16,0.4666666666666667,-0.013442826992346129,0.3,-0.5612903225806452
one_sample_per_donor,290,16,16,0.5333333333333333,0.0019657100954402,0.3,-0.47363737486095664
one_sample_per_donor,291,16,16,0.4666666666666667,-0.009687708091785555,0.3,-0.575083426028921
one_sample_per_donor,292,16,16,0.4666666666666667,-0.010350060159639006,0.3,-0.5310344827586206
one_sample_per_donor,293,16,16,0.4666666666666667,-0.013442826992346129,0.3,-0.5612903225806452
one_sample_per_donor,294,16,16,0.5,0.0017130730141380985,0.26666666666666666,-0.5443826473859844
one_sample_per_donor,295,16,16,0.5,-0.003575561795896751,0.3333333333333333,-0.5648498331479421
one_sample_per_donor,296,16,16,0.5,0.005874060462607654,0.26666666666666666,-0.4629588431590656
one_sample_per_donor,297,16,16,0.4666666666666667,-0.013202996365511952,0.23333333333333334,-0.5528364849833148
one_sample_per_donor,298,16,16,0.5333333333333333,0.0019657100954402,0.3,-0.47363737486095664
one_sample_per_donor,299,16,16,0.5,0.005874060462607654,0.26666666666666666,-0.4629588431590656
cluster_bootstrap,0,18,8,0.5,-0.013301906108697137,0.4,-0.18620689655172412
cluster_bootstrap,1,18,10,0.5333333333333333,0.014019200250001418,0.43333333333333335,-0.20978865406006672
cluster_bootstrap,2,20,10,0.4666666666666667,-0.017798158884057898,0.3,-0.5884315906562848
cluster_bootstrap,3,21,10,0.5,0.003329013137293105,0.26666666666666666,-0.5296996662958843
cluster_bootstrap,4,20,11,0.4666666666666667,-0.01887898804016746,0.36666666666666664,-0.4282536151279199
cluster_bootstrap,5,21,11,0.43333333333333335,-0.012603005451073917,0.3333333333333333,-0.5025583982202447
cluster_bootstrap,6,17,9,0.43333333333333335,-0.033565039416123335,0.3333333333333333,-0.34282536151279197
cluster_bootstrap,7,19,10,0.43333333333333335,-0.051099985450219425,0.2,-0.607119021134594
cluster_bootstrap,8,20,10,0.4666666666666667,-0.02593334851300019,0.3,-0.3864293659621802
cluster_bootstrap,9,22,12,0.5,-0.0005552767435249308,0.3333333333333333,-0.4709677419354839
cluster_bootstrap,10,19,9,0.5333333333333333,0.021535008860712218,0.5,0.10567296996662959
cluster_bootstrap,11,19,10,0.5333333333333333,0.006617639957279755,0.5666666666666667,0.04872080088987764
cluster_bootstrap,12,18,11,0.4666666666666667,-0.0206568751204185,0.3,-0.5959955506117909
cluster_bootstrap,13,19,11,0.43333333333333335,-0.06826086327907047,0.26666666666666666,-0.585761957730812
cluster_bootstrap,14,22,10,0.5666666666666667,0.03622358355789525,0.4,-0.33303670745272523
cluster_bootstrap,15,19,11,0.5333333333333333,0.024625246487245372,0.36666666666666664,-0.4545050055617353
cluster_bootstrap,16,22,10,0.4,-0.024242963694214928,0.36666666666666664,-0.4242491657397108
cluster_bootstrap,17,23,9,0.5666666666666667,0.013384067090958747,0.3333333333333333,-0.4972191323692992
cluster_bootstrap,18,18,11,0.5,-0.005775652943402606,0.3333333333333333,-0.47408231368186876
cluster_bootstrap,19,20,11,0.6,0.03385389585342311,0.36666666666666664,-0.2088987764182425
cluster_bootstrap,20,19,11,0.4666666666666667,-0.022734060988801885,0.23333333333333334,-0.6351501668520578
cluster_bootstrap,21,18,10,0.36666666666666664,-0.031707485866359596,0.26666666666666666,-0.5795328142380423
cluster_bootstrap,22,17,9,0.6,0.03287845003921327,0.36666666666666664,-0.3664071190211346
cluster_bootstrap,23,20,12,0.5333333333333333,0.010119541371585362,0.3,-0.3446051167964405
cluster_bootstrap,24,21,12,0.5,-0.005398135089349167,0.26666666666666666,-0.5523915461624027
cluster_bootstrap,25,17,9,0.5,0.0016156921280788342,0.4,-0.39221357063403783
cluster_bootstrap,26,20,9,0.43333333333333335,-0.04609705199256924,0.26666666666666666,-0.6484983314794216
cluster_bootstrap,27,19,10,0.6,0.03418758910638283,0.36666666666666664,-0.6404894327030033
cluster_bootstrap,28,21,11,0.4666666666666667,-0.022408810987200517,0.23333333333333334,-0.6084538375973303
cluster_bootstrap,29,19,9,0.5333333333333333,0.046454309380829145,0.5,0.046496106785317015
cluster_bootstrap,30,20,11,0.4666666666666667,-0.012984098392856441,0.43333333333333335,-0.3899888765294772
cluster_bootstrap,31,20,10,0.4666666666666667,-0.00659778400725783,0.3,-0.546607341490545
cluster_bootstrap,32,20,11,0.5333333333333333,0.0014736359587195673,0.36666666666666664,-0.4816462736373748
cluster_bootstrap,33,19,10,0.5,0.000505787336185423,0.3333333333333333,-0.4562847608453838
cluster_bootstrap,34,21,9,0.6333333333333333,0.06649171111882399,0.6,0.15016685205784203
cluster_bootstrap,35,18,11,0.5,0.002683444646066719,0.3333333333333333,-0.4131256952169076
cluster_bootstrap,36,18,11,0.5,0.006434504741144086,0.4666666666666667,-0.19421579532814237
cluster_bootstrap,37,19,8,0.43333333333333335,-0.012083543513992042,0.26666666666666666,-0.40600667408231367
cluster_bootstrap,38,23,11,0.43333333333333335,-0.006572289517154607,0.26666666666666666,-0.5492769744160179
cluster_bootstrap,39,17,11,0.4666666666666667,-0.020276407959079118,0.43333333333333335,-0.3739710789766407
cluster_bootstrap,40,21,11,0.5,-0.00022940383621465436,0.26666666666666666,-0.5368186874304783
cluster_bootstrap,41,19,11,0.4666666666666667,-0.012081730880898464,0.36666666666666664,-0.4505005561735262
cluster_bootstrap,42,20,12,0.5,-0.008836141193937993,0.26666666666666666,-0.7041156840934372
cluster_bootstrap,43,22,11,0.5,-0.012807907710263237,0.3333333333333333,-0.3797552836484983
cluster_bootstrap,44,19,13,0.5333333333333333,0.021194184503203654,0.3,-0.5973303670745272
cluster_bootstrap,45,19,11,0.5333333333333333,0.009862672799056324,0.36666666666666664,-0.4634037819799778
cluster_bootstrap,46,19,11,0.5,-0.00023327507201688791,0.26666666666666666,-0.4981090100111235
cluster_bootstrap,47,20,11,0.5333333333333333,0.04035615051530336,0.3,-0.5208008898776418
cluster_bootstrap,48,19,11,0.43333333333333335,-0.03620345438484024,0.2,-0.6636262513904337
cluster_bootstrap,49,19,11,0.43333333333333335,-0.02173797968021206,0.4,-0.3619577308120133
cluster_bootstrap,50,20,10,0.5333333333333333,0.01431581214780151,0.36666666666666664,-0.5154616240266964
cluster_bootstrap,51,19,12,0.5,-0.0025779858494750147,0.4,-0.3908787541713014
cluster_bootstrap,52,19,12,0.5,0.008984181636200603,0.3333333333333333,-0.489210233592881
cluster_bootstrap,53,19,8,0.4666666666666667,-0.04090436950402734,0.23333333333333334,-0.73615127919911
cluster_bootstrap,54,19,11,0.5333333333333333,0.011593452561760902,0.3,-0.38954393770856505
cluster_bootstrap,55,20,11,0.4666666666666667,-0.005886409232455785,0.3,-0.4771968854282535
cluster_bootstrap,56,22,10,0.5,0.008526398393964163,0.3333333333333333,-0.4843159065628476
cluster_bootstrap,57,17,9,0.6,0.03562056463422815,0.5666666666666667,-0.11724137931034483
cluster_bootstrap,58,22,8,0.5333333333333333,0.05208772597931502,0.5,-0.018020022246941044
cluster_bootstrap,59,21,9,0.5,0.01569566487086426,0.3333333333333333,-0.3810901001112347
cluster_bootstrap,60,20,10,0.4666666666666667,-0.021635631153052323,0.3,-0.5781979977753059
cluster_bootstrap,61,21,10,0.5333333333333333,0.020903968368002443,0.3,-0.5274749721913237
cluster_bootstrap,62,21,11,0.6333333333333333,0.0628609342390239,0.4666666666666667,-0.1221357063403782
cluster_bootstrap,63,19,11,0.5,0.011083825323248347,0.26666666666666666,-0.6516129032258065
cluster_bootstrap,64,19,10,0.43333333333333335,-0.02710955310109294,0.26666666666666666,-0.5684093437152391
cluster_bootstrap,65,19,11,0.5,0.0037749073352351795,0.4,-0.2774193548387097
cluster_bootstrap,66,18,9,0.5333333333333333,0.08464582821378452,0.43333333333333335,-0.1243604004449388
cluster_bootstrap,67,21,10,0.43333333333333335,-0.02695654167092535,0.26666666666666666,-0.5666295884315907
cluster_bootstrap,68,19,10,0.5,-0.0016037007052291403,0.5333333333333333,-0.10745272525027807
cluster_bootstrap,69,19,12,0.5333333333333333,0.006198735047145798,0.3,-0.4589543937708565
cluster_bootstrap,70,22,9,0.43333333333333335,-0.04033918222408023,0.26666666666666666,-0.4923248053392658
cluster_bootstrap,71,20,11,0.4666666666666667,-0.004559366012344234,0.36666666666666664,-0.42869855394883205
cluster_bootstrap,72,19,10,0.5,0.001361758089494505,0.3333333333333333,-0.3739710789766407
cluster_bootstrap,73,21,11,0.5,-0.0003874319815101346,0.3333333333333333,-0.23515016685205786
cluster_bootstrap,74,20,9,0.5666666666666667,0.023028307395119595,0.5333333333333333,-0.1408231368186874
cluster_bootstrap,75,19,10,0.43333333333333335,-0.08484526858108596,0.2,-0.6258064516129032
cluster_bootstrap,76,22,10,0.5333333333333333,0.017106678079868248,0.3,-0.44560622914349274
cluster_bootstrap,77,22,10,0.5,-0.016421551266472403,0.3333333333333333,-0.36017797552836484
cluster_bootstrap,78,18,11,0.5666666666666667,0.02448330742243496,0.3333333333333333,-0.5675194660734149
cluster_bootstrap,79,17,9,0.3,-0.07043202639662419,0.26666666666666666,-0.5399332591768632
cluster_bootstrap,80,19,8,0.43333333333333335,-0.008654560636032978,0.4666666666666667,-0.12614015572858733
cluster_bootstrap,81,19,9,0.4666666666666667,-0.007955243350487353,0.3,-0.5701890989988877
cluster_bootstrap,82,18,8,0.4666666666666667,-0.027626089981375793,0.3,-0.5003337041156841
cluster_bootstrap,83,23,8,0.5666666666666667,0.031134817595148027,0.4,-0.24938820912124582
cluster_bootstrap,84,22,11,0.4666666666666667,-0.02403829584220467,0.3,-0.5221357063403782
cluster_bootstrap,85,18,11,0.4666666666666667,-0.03391028891014081,0.3,-0.49187986651835364
cluster_bootstrap,86,22,10,0.43333333333333335,-0.03741006297849922,0.2,-0.6422691879866518
cluster_bootstrap,87,17,9,0.4,-0.06390983867200017,0.16666666666666666,-0.5937708565072302
cluster_bootstrap,88,19,8,0.5,-0.009319080495748493,0.26666666666666666,-0.49365962180200224
cluster_bootstrap,89,18,12,0.5333333333333333,0.029082546677082616,0.43333333333333335,-0.207119021134594
cluster_bootstrap,90,21,10,0.4666666666666667,-0.028616478868734627,0.3,-0.5337041156840934
cluster_bootstrap,91,20,13,0.5666666666666667,0.02018034327821156,0.4,-0.421579532814238
cluster_bootstrap,92,21,10,0.4,-0.051757881539723855,0.43333333333333335,-0.36907675194660733
cluster_bootstrap,93,19,12,0.5333333333333333,0.0034557969514171136,0.3,-0.5265850945494994
cluster_bootstrap,94,22,8,0.36666666666666664,-0.03329609577070335,0.2,-0.5568409343715239
cluster_bootstrap,95,23,10,0.6,0.04057970516967166,0.5,-0.08520578420467186
cluster_bootstrap,96,21,10,0.4666666666666667,-0.008541671070421867,0.36666666666666664,-0.40867630700778645
cluster_bootstrap,97,21,10,0.43333333333333335,-0.03693443285578728,0.3333333333333333,-0.36151279199110126
cluster_bootstrap,98,19,10,0.4666666666666667,-0.03892210654591813,0.23333333333333334,-0.4696329254727475
cluster_bootstrap,99,20,12,0.5333333333333333,0.006098504499752535,0.36666666666666664,-0.5381535038932147
cluster_bootstrap,100,22,10,0.5333333333333333,0.008340146892273992,0.43333333333333335,-0.37842046718576194
cluster_bootstrap,101,18,10,0.4666666666666667,-0.00590372037662237,0.23333333333333334,-0.5604004449388209
cluster_bootstrap,102,24,10,0.4666666666666667,-0.0007979225187464715,0.36666666666666664,-0.2938820912124583
cluster_bootstrap,103,22,10,0.5,-0.0034451917358234614,0.3333333333333333,-0.3130144605116796
cluster_bootstrap,104,20,10,0.4666666666666667,-0.01144415410674095,0.43333333333333335,-0.16796440489432704
cluster_bootstrap,105,21,10,0.5,-0.001019458284738978,0.4,-0.27430478309232476
cluster_bootstrap,106,20,9,0.4666666666666667,-0.005812574860686813,0.36666666666666664,-0.4647385984427141
cluster_bootstrap,107,20,11,0.5333333333333333,0.004999493655610745,0.5,-0.21690767519466073
cluster_bootstrap,108,24,10,0.4666666666666667,-0.020876831990042914,0.3,-0.27474972191323693
cluster_bootstrap,109,20,10,0.5333333333333333,0.01097842450789312,0.43333333333333335,-0.2671857619577308
cluster_bootstrap,110,20,13,0.43333333333333335,-0.025767248547556163,0.26666666666666666,-0.5332591768631813
cluster_bootstrap,111,19,10,0.5333333333333333,0.01206796315224051,0.5,-0.05406006674082313
cluster_bootstrap,112,20,13,0.5666666666666667,0.02328042459367055,0.4666666666666667,-0.2921023359288098
cluster_bootstrap,113,20,9,0.4666666666666667,-0.011822553191808844,0.43333333333333335,-0.20222469410456062
cluster_bootstrap,114,22,9,0.4666666666666667,-0.03005328099418566,0.3,-0.657842046718576
cluster_bootstrap,115,22,10,0.5666666666666667,0.08304293848612622,0.5333333333333333,-0.0020022246941045607
cluster_bootstrap,116,20,9,0.43333333333333335,-0.03635305972944321,0.2,-0.6511679644048943
cluster_bootstrap,117,22,10,0.36666666666666664,-0.032713784465993774,0.26666666666666666,-0.6338153503893215
cluster_bootstrap,118,19,10,0.36666666666666664,-0.05254139937810841,0.2,-0.6538375973303671
cluster_bootstrap,119,20,11,0.5,0.00702754406302884,0.3333333333333333,-0.539043381535039
cluster_bootstrap,120,23,9,0.5666666666666667,0.045077419036437846,0.4666666666666667,-0.12080088987764183
cluster_bootstrap,121,19,11,0.43333333333333335,-0.047249235274854307,0.26666666666666666,-0.6395995550611792
cluster_bootstrap,122,20,10,0.43333333333333335,-0.015381593778072872,0.2,-0.6044493882091213
cluster_bootstrap,123,21,10,0.5666666666666667,0.02346863270884153,0.4,-0.25383759733036704
cluster_bootstrap,124,22,10,0.4,-0.006757361375669435,0.3,-0.43270300333704115
cluster_bootstrap,125,17,10,0.5,-0.01428691172308697,0.26666666666666666,-0.5924360400444939
cluster_bootstrap,126,18,11,0.5,-0.005853927031189705,0.26666666666666666,-0.5301446051167964
cluster_bootstrap,127,20,12,0.4666666666666667,-0.035348291284251133,0.23333333333333334,-0.6453837597330366
cluster_bootstrap,128,19,12,0.5333333333333333,0.01830117404645705,0.36666666666666664,-0.5199110122358176
cluster_bootstrap,129,21,11,0.6333333333333333,0.05516486759082284,0.4,-0.4460511679644049
cluster_bootstrap,130,20,10,0.5,0.0028900840000003446,0.4666666666666667,-0.08164627363737487
cluster_bootstrap,131,19,10,0.43333333333333335,-0.03323465470466816,0.2,-0.5982202447163515
cluster_bootstrap,132,23,9,0.5,0.005522508250001779,0.4,-0.48031145717463847
cluster_bootstrap,133,20,9,0.4666666666666667,-0.019314998571272914,0.23333333333333334,-0.696551724137931
cluster_bootstrap,134,24,9,0.4666666666666667,-0.025862562139714763,0.3,-0.34905450500556173
cluster_bootstrap,135,20,11,0.5333333333333333,0.015584602357646847,0.36666666666666664,-0.26807563959955505
cluster_bootstrap,136,20,11,0.5,-0.0019932990232002477,0.26666666666666666,-0.6720800889877642
cluster_bootstrap,137,20,10,0.5333333333333333,0.002411109529555771,0.43333333333333335,-0.31123470522803115
cluster_bootstrap,138,22,11,0.5666666666666667,0.03577795877895584,0.5333333333333333,-0.1114571746384872
cluster_bootstrap,139,21,11,0.5333333333333333,0.019624109387093542,0.36666666666666664,-0.189321468298109
cluster_bootstrap,140,21,10,0.5,0.001139652747602764,0.5333333333333333,-0.1296996662958843
cluster_bootstrap,141,18,10,0.43333333333333335,-0.008223182749353061,0.3333333333333333,-0.49988876529477194
cluster_bootstrap,142,19,10,0.5666666666666667,0.011763220575874865,0.3333333333333333,-0.5706340378197998
cluster_bootstrap,143,21,7,0.5666666666666667,0.03549347254950473,0.3333333333333333,-0.5604004449388209
cluster_bootstrap,144,17,10,0.5,-0.004931947431432077,0.4,-0.36017797552836484
cluster_bootstrap,145,20,12,0.4666666666666667,-0.020625179312354615,0.23333333333333334,-0.5635150166852058
cluster_bootstrap,146,18,9,0.43333333333333335,-0.02943885318905648,0.26666666666666666,-0.6711902113459399
cluster_bootstrap,147,20,11,0.5,-0.00474889930423312,0.3333333333333333,-0.4505005561735262
cluster_bootstrap,148,19,12,0.43333333333333335,-0.036972934329598375,0.26666666666666666,-0.6120133481646273
cluster_bootstrap,149,20,9,0.4666666666666667,-0.025310064705620965,0.36666666666666664,-0.24938820912124582
cluster_bootstrap,150,18,12,0.5,-0.004000951608824258,0.26666666666666666,-0.5546162402669632
cluster_bootstrap,151,20,12,0.5333333333333333,0.046999592708887886,0.3,-0.5096774193548387
cluster_bootstrap,152,22,10,0.43333333333333335,-0.020812946254877826,0.3333333333333333,-0.4295884315906563
cluster_bootstrap,153,22,9,0.43333333333333335,-0.02737758348180794,0.26666666666666666,-0.41935483870967744
cluster_bootstrap,154,19,9,0.36666666666666664,-0.03081336263581601,0.26666666666666666,-0.46117908787541706
cluster_bootstrap,155,23,10,0.4,-0.033005810772070904,0.3,-0.49321468298109006
cluster_bootstrap,156,20,12,0.43333333333333335,-0.016162490515095617,0.3333333333333333,-0.44249165739710794
cluster_bootstrap,157,21,13,0.4,-0.03752971001635613,0.3,-0.4513904338153503
cluster_bootstrap,158,19,10,0.43333333333333335,-0.018177763908981417,0.4666666666666667,-0.18487208008898778
cluster_bootstrap,159,20,12,0.5666666666666667,0.030008016629669843,0.4666666666666667,-0.16395995550611792
cluster_bootstrap,160,19,10,0.5333333333333333,0.01615125738383164,0.5,-0.09454949944382647
cluster_bootstrap,161,18,12,0.6,0.013108648209579798,0.5,-0.18264738598442715
cluster_bootstrap,162,19,9,0.5,0.0013197472649365896,0.4666666666666667,-0.22580645161290322
cluster_bootstrap,163,19,9,0.5333333333333333,0.015753001964522208,0.5666666666666667,-0.11279199110122358
cluster_bootstrap,164,19,12,0.6333333333333333,0.018293384127552687,0.4666666666666667,-0.3779755283648498
cluster_bootstrap,165,18,10,0.5333333333333333,0.00872058152957869,0.5,-0.29699666295884314
cluster_bootstrap,166,23,8,0.4666666666666667,-0.013779278759702425,0.36666666666666664,-0.2622914349276974
cluster_bootstrap,167,21,9,0.4,-0.05044736927676114,0.23333333333333334,-0.746384872080089
cluster_bootstrap,168,19,10,0.4666666666666667,-0.019642782308772228,0.43333333333333335,-0.36017797552836484
cluster_bootstrap,169,21,12,0.5666666666666667,0.014012998812501603,0.3333333333333333,-0.47141268075639603
cluster_bootstrap,170,22,11,0.5,-0.01697847638993715,0.26666666666666666,-0.5848720800889877
cluster_bootstrap,171,19,11,0.5666666666666667,0.011256775030304186,0.4,-0.335706340378198
cluster_bootstrap,172,18,9,0.43333333333333335,-0.01578604652739519,0.26666666666666666,-0.5621802002224694
cluster_bootstrap,173,22,11,0.43333333333333335,-0.024548594941766214,0.3333333333333333,-0.5483870967741935
cluster_bootstrap,174,20,12,0.5666666666666667,0.037813218665009404,0.5333333333333333,-0.11012235817575085
cluster_bootstrap,175,16,9,0.43333333333333335,-0.1101717113778647,0.2,-0.7014460511679643
cluster_bootstrap,176,19,9,0.5666666666666667,0.009815765252685422,0.5333333333333333,-0.23203559510567295
cluster_bootstrap,177,19,10,0.5333333333333333,0.014315585290227424,0.43333333333333335,-0.39221357063403783
cluster_bootstrap,178,23,10,0.6333333333333333,0.06329012146568622,0.4666666666666667,-0.10567296996662959
cluster_bootstrap,179,19,10,0.4,-0.08935150536320974,0.16666666666666666,-0.7454949944382647
cluster_bootstrap,180,20,10,0.5,0.011640887597457947,0.3333333333333333,-0.3325917686318131
cluster_bootstrap,181,20,9,0.6333333333333333,0.026625543474780817,0.5333333333333333,0.059844271412680755
cluster_bootstrap,182,21,12,0.5,-0.0002535680969406075,0.4,-0.307230255839822
cluster_bootstrap,183,19,13,0.4666666666666667,-0.025400700096235476,0.23333333333333334,-0.699666295884316
cluster_bootstrap,184,19,13,0.5333333333333333,0.0021383929910237,0.5,-0.22091212458286985
cluster_bootstrap,185,18,11,0.5,0.006744554139344161,0.4666666666666667,-0.21156840934371526
cluster_bootstrap,186,17,9,0.4,-0.0354506361288653,0.3,-0.3793103448275862
cluster_bootstrap,187,22,10,0.5333333333333333,0.00819239810740701,0.36666666666666664,-0.32547274749721916
cluster_bootstrap,188,16,9,0.3333333333333333,-0.09257277352941164,0.23333333333333334,-0.5163515016685205
cluster_bootstrap,189,23,10,0.4666666666666667,-0.0205708587556502,0.3,-0.2738598442714127
cluster_bootstrap,190,20,9,0.5,0.003086915848174991,0.4666666666666667,-0.2800889877641824
cluster_bootstrap,191,17,8,0.4666666666666667,-0.035189307101802444,0.23333333333333334,-0.4700778642936596
cluster_bootstrap,192,20,10,0.5,0.003473447550142078,0.3333333333333333,-0.6031145717463848
cluster_bootstrap,193,22,10,0.5333333333333333,0.017486740552929966,0.36666666666666664,-0.23203559510567295
cluster_bootstrap,194,21,9,0.5,-0.0045663413655167885,0.4,-0.2707452725250278
cluster_bootstrap,195,20,12,0.5,0.005257159203315638,0.26666666666666666,-0.4771968854282535
cluster_bootstrap,196,21,11,0.5666666666666667,0.012179308423913958,0.3333333333333333,-0.6022246941045606
cluster_bootstrap,197,21,10,0.43333333333333335,-0.01681394642032731,0.26666666666666666,-0.6809788654060066
cluster_bootstrap,198,22,12,0.4,-0.0192382507045451,0.23333333333333334,-0.4496106785317019
cluster_bootstrap,199,19,10,0.4666666666666667,-0.029456196165636384,0.23333333333333334,-0.6088987764182424
cluster_bootstrap,200,21,12,0.5,0.00849332238215083,0.3333333333333333,-0.3459399332591768
cluster_bootstrap,201,19,11,0.5333333333333333,0.02198772939409723,0.3,-0.5047830923248053
cluster_bootstrap,202,22,10,0.4666666666666667,-0.008193928478072078,0.23333333333333334,-0.6031145717463848
cluster_bootstrap,203,20,9,0.43333333333333335,-0.03721662608005447,0.2,-0.7067853170189099
cluster_bootstrap,204,23,8,0.43333333333333335,-0.040397726299291725,0.2,-0.6280311457174638
cluster_bootstrap,205,21,9,0.4,-0.04876612246687384,0.3,-0.5550611790878754
cluster_bootstrap,206,19,11,0.4666666666666667,-0.00262449837663511,0.5,-0.12836484983314794
cluster_bootstrap,207,20,11,0.5333333333333333,0.012498871126555004,0.43333333333333335,-0.37441601779755285
cluster_bootstrap,208,19,9,0.4666666666666667,-0.0493242174852061,0.23333333333333334,-0.6645161290322581
cluster_bootstrap,209,21,7,0.43333333333333335,-0.05131285784566804,0.3333333333333333,-0.421579532814238
cluster_bootstrap,210,20,10,0.5,0.006849268830271443,0.3333333333333333,-0.5025583982202447
cluster_bootstrap,211,20,11,0.5,-0.0067597566281365285,0.26666666666666666,-0.6760845383759733
cluster_bootstrap,212,18,11,0.5,-0.007653480270580737,0.26666666666666666,-0.6155728587319244
cluster_bootstrap,213,18,10,0.36666666666666664,-0.04485833745744944,0.3333333333333333,-0.45494994438264746
cluster_bootstrap,214,19,9,0.4666666666666667,-0.0056878724466666595,0.3,-0.3939933259176863
cluster_bootstrap,215,19,11,0.5333333333333333,0.00922256392452785,0.3,-0.5243604004449388
cluster_bootstrap,216,17,10,0.5,0.004837341200000265,0.4,-0.24983314794215797
cluster_bootstrap,217,20,10,0.5666666666666667,0.018720395367137006,0.4,-0.4816462736373748
cluster_bootstrap,218,22,9,0.43333333333333335,-0.07946845897122265,0.2,-0.578642936596218
cluster_bootstrap,219,18,9,0.4666666666666667,-0.0052875463640863945,0.3,-0.5119021134593993
cluster_bootstrap,220,18,9,0.5,-0.005743726552448605,0.26666666666666666,-0.47408231368186876
cluster_bootstrap,221,21,13,0.4666666666666667,-0.016226258714575545,0.3,-0.3352614015572859
cluster_bootstrap,222,17,11,0.4666666666666667,-0.013483427371198599,0.36666666666666664,-0.578642936596218
cluster_bootstrap,223,18,10,0.5666666666666667,0.033417868496485134,0.4,-0.20578420467185762
cluster_bootstrap,224,18,11,0.4666666666666667,-0.010612183523541716,0.43333333333333335,-0.28097886540600664
cluster_bootstrap,225,18,10,0.5666666666666667,0.07236884863157517,0.4666666666666667,-0.1586206896551724
cluster_bootstrap,226,17,11,0.4666666666666667,-0.002407151113359582,0.23333333333333334,-0.6449388209121245
cluster_bootstrap,227,21,10,0.4,-0.02310839153396843,0.36666666666666664,-0.2525027808676307
cluster_bootstrap,228,20,10,0.5333333333333333,0.009205531616278653,0.36666666666666664,-0.47274749721913245
cluster_bootstrap,229,20,12,0.4666666666666667,-0.004216851770492047,0.5666666666666667,-0.1804226918798665
cluster_bootstrap,230,20,10,0.36666666666666664,-0.021791640074856757,0.3333333333333333,-0.36952169076751945
cluster_bootstrap,231,19,10,0.43333333333333335,-0.04200800523268637,0.26666666666666666,-0.5799777530589544
cluster_bootstrap,232,23,11,0.5666666666666667,0.0036123011807556206,0.4,-0.24093437152391545
cluster_bootstrap,233,24,9,0.4666666666666667,-0.0029010114376493796,0.43333333333333335,-0.32947719688542826
cluster_bootstrap,234,19,10,0.5,-0.008944290457661142,0.3333333333333333,-0.3388209121245828
cluster_bootstrap,235,20,8,0.5666666666666667,0.01545207899185637,0.5333333333333333,0.041156840934371525
cluster_bootstrap,236,18,10,0.43333333333333335,-0.014683579664358928,0.26666666666666666,-0.56440489432703
cluster_bootstrap,237,22,10,0.5,-0.009800792348075179,0.3333333333333333,-0.3971078976640712
cluster_bootstrap,238,20,12,0.5666666666666667,0.029306701169398677,0.4,-0.2640711902113459
cluster_bootstrap,239,18,12,0.4666666666666667,-0.010619794299346575,0.36666666666666664,-0.4126807563959955
cluster_bootstrap,240,21,13,0.6,0.02319792537717876,0.36666666666666664,-0.39621802002224693
cluster_bootstrap,241,18,10,0.43333333333333335,-0.025837531132246985,0.26666666666666666,-0.6845383759733037
cluster_bootstrap,242,19,11,0.5,0.02083235988974704,0.5333333333333333,-0.064293659621802
cluster_bootstrap,243,19,11,0.43333333333333335,-0.035517841457398114,0.26666666666666666,-0.5924360400444939
cluster_bootstrap,244,23,10,0.5,0.0015266118116416577,0.4,-0.29299221357063404
cluster_bootstrap,245,23,11,0.4666666666666667,-0.00966270513937828,0.36666666666666664,-0.5047830923248053
cluster_bootstrap,246,19,10,0.4666666666666667,-0.01328425024065435,0.23333333333333334,-0.625361512791991
cluster_bootstrap,247,23,9,0.7,0.0878529826923094,0.6666666666666666,-0.0046718576195773085
cluster_bootstrap,248,22,10,0.4,-0.021270915506866543,0.16666666666666666,-0.6618464961067854
cluster_bootstrap,249,18,11,0.4,-0.04234974363875388,0.16666666666666666,-0.6796440489432702
cluster_bootstrap,250,17,11,0.5,0.005559836175933595,0.4,-0.27519466073414905
cluster_bootstrap,251,21,11,0.43333333333333335,-0.02393656147177549,0.2,-0.6618464961067854
cluster_bootstrap,252,21,12,0.5333333333333333,0.009642101122847888,0.5,-0.11813125695216908
cluster_bootstrap,253,20,10,0.4666666666666667,-0.017825325260666186,0.3,-0.37842046718576194
cluster_bootstrap,254,18,8,0.43333333333333335,-0.05306147757521624,0.2,-0.6369299221357063
cluster_bootstrap,255,20,10,0.5333333333333333,0.01972669893781894,0.3,-0.6258064516129032
cluster_bootstrap,256,21,9,0.4666666666666667,-0.023205041597150942,0.3,-0.5795328142380423
cluster_bootstrap,257,21,11,0.5,-0.0003668915617284618,0.4,-0.2832035595105673
cluster_bootstrap,258,21,11,0.5,-0.011462497735099317,0.26666666666666666,-0.5052280311457175
cluster_bootstrap,259,21,9,0.5333333333333333,0.02211312761691516,0.43333333333333335,-0.3299221357063403
cluster_bootstrap,260,19,10,0.5,-0.0038024034444440104,0.3333333333333333,-0.4006674082313682
cluster_bootstrap,261,21,12,0.5,0.0008695428324256909,0.3333333333333333,-0.3232480533926585
cluster_bootstrap,262,20,11,0.5333333333333333,0.02112578411695141,0.36666666666666664,-0.38064516129032255
cluster_bootstrap,263,22,11,0.4666666666666667,-0.026229874806250844,0.3,-0.40734149054505003
cluster_bootstrap,264,21,11,0.4,-0.02498358605276403,0.3,-0.5915461624026696
cluster_bootstrap,265,19,10,0.5333333333333333,0.03362703133533306,0.5666666666666667,0.07897664071190211
cluster_bootstrap,266,21,9,0.5,0.0020343215663440714,0.3333333333333333,-0.47986651835372635
cluster_bootstrap,267,21,9,0.4666666666666667,-0.010914413332566708,0.36666666666666664,-0.3530589543937709
cluster_bootstrap,268,19,12,0.5333333333333333,0.015115791965570394,0.43333333333333335,-0.3730812013348164
cluster_bootstrap,269,23,11,0.5,-0.006040724589072136,0.4666666666666667,-0.22224694104560622
cluster_bootstrap,270,22,11,0.5666666666666667,0.005826256531146493,0.3333333333333333,-0.39488320355951056
cluster_bootstrap,271,21,12,0.4666666666666667,-0.02080088296057244,0.23333333333333334,-0.5924360400444939
cluster_bootstrap,272,20,11,0.43333333333333335,-0.016613436944030297,0.3333333333333333,-0.453615127919911
cluster_bootstrap,273,22,8,0.5,-0.015047491435849622,0.26666666666666666,-0.5630700778642936
cluster_bootstrap,274,20,9,0.5333333333333333,0.022675644692391028,0.36666666666666664,-0.2266963292547275
cluster_bootstrap,275,22,11,0.43333333333333335,-0.006384170212496867,0.3333333333333333,-0.5136818687430478
cluster_bootstrap,276,24,10,0.5,0.011077861939250856,0.3333333333333333,-0.3793103448275862
cluster_bootstrap,277,20,10,0.5333333333333333,0.011638878677692149,0.3,-0.5995550611790879
cluster_bootstrap,278,18,8,0.4666666666666667,-0.01922805486484894,0.23333333333333334,-0.6507230255839822
cluster_bootstrap,279,20,9,0.5,0.012124144544348986,0.26666666666666666,-0.5595105672969966
cluster_bootstrap,280,22,11,0.5,0.00017000820923068847,0.3333333333333333,-0.4100111234705228
cluster_bootstrap,281,22,10,0.43333333333333335,-0.003185967944621053,0.2,-0.5488320355951056
cluster_bootstrap,282,20,11,0.4666666666666667,-0.02334249038092355,0.3,-0.49187986651835364
cluster_bootstrap,283,20,10,0.5,-0.0003559270237455817,0.26666666666666666,-0.6173526140155728
cluster_bootstrap,284,19,14,0.5666666666666667,0.002739609657741179,0.3333333333333333,-0.5670745272525028
cluster_bootstrap,285,18,11,0.43333333333333335,-0.005931912890040372,0.4,-0.41446051167964404
cluster_bootstrap,286,22,11,0.5666666666666667,0.00918596030027005,0.4666666666666667,-0.2453837597330367
cluster_bootstrap,287,20,10,0.5,0.0018604464693570233,0.26666666666666666,-0.531924360400445
cluster_bootstrap,288,23,8,0.6,0.05419069763384859,0.5,-0.1332591768631813
cluster_bootstrap,289,18,12,0.5,-0.0004393308540619513,0.4666666666666667,-0.04427141268075639
cluster_bootstrap,290,18,11,0.5666666666666667,0.013358182920213396,0.3333333333333333,-0.46117908787541706
cluster_bootstrap,291,19,7,0.4666666666666667,-0.03962121476119425,0.3,-0.5443826473859844
cluster_bootstrap,292,19,11,0.5333333333333333,0.01136869045323027,0.3,-0.5546162402669632
cluster_bootstrap,293,21,9,0.5,-0.006742630675985075,0.26666666666666666,-0.6556173526140155
cluster_bootstrap,294,21,9,0.4666666666666667,-0.01861740879339302,0.36666666666666664,-0.40333704115684094
cluster_bootstrap,295,18,11,0.5,-0.0036182482941823687,0.4,-0.349944382647386
cluster_bootstrap,296,21,10,0.4666666666666667,-0.02487701520064054,0.43333333333333335,-0.32458286985539486
cluster_bootstrap,297,17,10,0.5,-0.0006180454030722728,0.26666666666666666,-0.7112347052280311
cluster_bootstrap,298,21,13,0.5333333333333333,0.004452101012300386,0.43333333333333335,-0.2912124582869855
cluster_bootstrap,299,20,8,0.5,0.009185173329457164,0.5333333333333333,-0.040266963292547274
