cohort,gene_space,median_spearman,n_splits
GSE70362_AF_all,all,0.19830993255675577,100
GSE70362_AF_all,ECM,0.4075639599555061,100
GSE70362_AF_I_IV,all,0.13837367908309056,100
GSE70362_AF_I_IV,ECM,0.3690767519466074,100
GSE23130_all,all,-0.06548640004937627,100
GSE23130_all,ECM,0.044758064516129036,100
GSE23130_LCM_all,all,0.13371300961843924,100
GSE23130_LCM_all,ECM,0.40846774193548385,100
GSE70362_AF_I_IV_grade_only,all,0.23530769376011829,100
GSE70362_AF_I_IV_grade_only,ECM,0.3388209121245829,100
GSE23130_LCM_grade_only,all,0.23828553068661135,100
GSE23130_LCM_grade_only,ECM,0.7268145161290323,100
