module,n_genes,observed_fraction_up,p_up,p_down,p_two_sided
ECM remodelling,30,0.4666666666666667,0.628,0.374,0.748
Inflammation/cytokine,30,0.6333333333333333,0.09,0.912,0.18
Macrophage/myeloid,19,0.3684210526315789,0.698,0.204,0.408
Angiogenesis/vascular,18,0.5555555555555556,0.41,0.592,0.82
Adhesion/cytoskeleton,23,0.6956521739130435,0.15,0.852,0.3
Apoptosis/autophagy,26,0.5384615384615384,0.47,0.532,0.94
Immune activation,31,0.5483870967741935,0.384,0.618,0.768
HALLMARK_ADIPOGENESIS,196,0.4846938775510204,0.592,0.41,0.82
HALLMARK_ALLOGRAFT_REJECTION,196,0.5459183673469388,0.204,0.798,0.408
HALLMARK_ANDROGEN_RESPONSE,96,0.5520833333333334,0.178,0.824,0.356
HALLMARK_ANGIOGENESIS,36,0.4722222222222222,0.53,0.472,0.944
HALLMARK_APICAL_JUNCTION,195,0.4358974358974359,0.87,0.132,0.264
HALLMARK_APICAL_SURFACE,43,0.3488372093023256,0.944,0.058,0.116
HALLMARK_APOPTOSIS,155,0.567741935483871,0.112,0.89,0.224
HALLMARK_BILE_ACID_METABOLISM,111,0.4774774774774775,0.696,0.306,0.612
HALLMARK_CHOLESTEROL_HOMEOSTASIS,70,0.38571428571428573,0.846,0.156,0.312
HALLMARK_COAGULATION,136,0.39705882352941174,0.968,0.028,0.056
HALLMARK_COMPLEMENT,200,0.525,0.342,0.66,0.684
HALLMARK_DNA_REPAIR,145,0.47586206896551725,0.578,0.424,0.848
HALLMARK_E2F_TARGETS,191,0.5497382198952879,0.21,0.792,0.42
HALLMARK_EPITHELIAL_MESENCHYMAL_TRANSITION,197,0.49238578680203043,0.49,0.512,0.98
HALLMARK_ESTROGEN_RESPONSE_EARLY,195,0.4,0.984,0.024,0.048
HALLMARK_ESTROGEN_RESPONSE_LATE,195,0.39487179487179486,0.952,0.05,0.1
HALLMARK_FATTY_ACID_METABOLISM,151,0.39072847682119205,0.902,0.1,0.2
HALLMARK_G2M_CHECKPOINT,196,0.5357142857142857,0.266,0.736,0.532
HALLMARK_GLYCOLYSIS,198,0.42424242424242425,0.88,0.122,0.244
HALLMARK_HEDGEHOG_SIGNALING,35,0.4857142857142857,0.586,0.416,0.832
HALLMARK_HEME_METABOLISM,197,0.5025380710659898,0.542,0.46,0.92
HALLMARK_HYPOXIA,197,0.4517766497461929,0.698,0.322,0.644
HALLMARK_IL2_STAT5_SIGNALING,196,0.4642857142857143,0.72,0.246,0.492
HALLMARK_IL6_JAK_STAT3_SIGNALING,84,0.5357142857142857,0.314,0.688,0.628
HALLMARK_INFLAMMATORY_RESPONSE,200,0.55,0.224,0.778,0.448
HALLMARK_INTERFERON_ALPHA_RESPONSE,94,0.5957446808510638,0.188,0.814,0.376
HALLMARK_INTERFERON_GAMMA_RESPONSE,194,0.5618556701030928,0.226,0.776,0.452
HALLMARK_KRAS_SIGNALING_DN,196,0.413265306122449,0.866,0.136,0.272
HALLMARK_KRAS_SIGNALING_UP,198,0.5050505050505051,0.408,0.594,0.816
HALLMARK_MITOTIC_SPINDLE,198,0.4444444444444444,0.81,0.204,0.408
HALLMARK_MTORC1_SIGNALING,190,0.6210526315789474,0.208,0.794,0.416
HALLMARK_MYC_TARGETS_V1,178,0.5056179775280899,0.488,0.514,0.976
HALLMARK_MYC_TARGETS_V2,55,0.5636363636363636,0.366,0.636,0.732
HALLMARK_MYOGENESIS,198,0.35858585858585856,0.98,0.028,0.056
HALLMARK_NOTCH_SIGNALING,32,0.5625,0.328,0.772,0.656
HALLMARK_OXIDATIVE_PHOSPHORYLATION,188,0.44680851063829785,0.616,0.386,0.772
HALLMARK_P53_PATHWAY,193,0.45595854922279794,0.706,0.296,0.592
HALLMARK_PANCREAS_BETA_CELLS,40,0.35,0.902,0.056,0.112
HALLMARK_PEROXISOME,102,0.39215686274509803,0.908,0.11,0.22
HALLMARK_PI3K_AKT_MTOR_SIGNALING,104,0.5,0.528,0.51,1.0
HALLMARK_PROTEIN_SECRETION,94,0.5851063829787234,0.282,0.72,0.564
HALLMARK_REACTIVE_OXYGEN_SPECIES_PATHWAY,48,0.7083333333333334,0.094,0.908,0.188
HALLMARK_SPERMATOGENESIS,132,0.44696969696969696,0.814,0.188,0.376
HALLMARK_TGF_BETA_SIGNALING,54,0.5185185185185185,0.38,0.622,0.76
HALLMARK_TNFA_SIGNALING_VIA_NFKB,199,0.6080402010050251,0.156,0.846,0.312
HALLMARK_UNFOLDED_PROTEIN_RESPONSE,109,0.5779816513761468,0.344,0.658,0.688
HALLMARK_UV_RESPONSE_DN,142,0.43661971830985913,0.82,0.182,0.364
HALLMARK_UV_RESPONSE_UP,157,0.5605095541401274,0.26,0.742,0.52
HALLMARK_WNT_BETA_CATENIN_SIGNALING,42,0.38095238095238093,0.928,0.144,0.288
HALLMARK_XENOBIOTIC_METABOLISM,198,0.4696969696969697,0.628,0.366,0.732
