replicate,fraction_up_a,fraction_up_b,median_effect_a,median_effect_b,gene_concordance,effect_rho
0,0.6129032258064516,0.6451612903225806,0.12760315789473928,0.16270071428571453,0.6451612903225806,0.5072580645161291
1,0.2903225806451613,0.6774193548387096,-0.023289000000000535,0.09245499999999907,0.4838709677419355,-0.40403225806451615
2,0.7096774193548387,0.7741935483870968,0.14923684210526345,0.1673707142857151,0.7419354838709677,0.645967741935484
3,0.5483870967741935,0.6451612903225806,0.07280092307692262,0.04011607142857168,0.45161290322580644,0.047580645161290326
4,0.5806451612903226,0.5806451612903226,0.11581415384615337,0.04507571428571484,0.4838709677419355,-0.21330645161290326
5,0.6451612903225806,0.6774193548387096,0.19739030303030355,0.09245499999999848,0.7741935483870968,0.5866935483870969
6,0.6451612903225806,0.7419354838709677,0.07503263157894836,0.21587285714285795,0.7096774193548387,0.6120967741935485
7,0.5806451612903226,0.8064516129032258,0.04183615384615397,0.24451000000000084,0.6451612903225806,0.42701612903225805
8,0.7096774193548387,0.5483870967741935,0.2944744615384603,0.029142857142857376,0.5806451612903226,0.3165322580645162
9,0.7419354838709677,0.7419354838709677,0.09620578947368516,0.07518857142857181,0.7419354838709677,0.4020161290322581
10,0.6129032258064516,0.7419354838709677,0.1327537499999999,0.33440499999999984,0.6774193548387096,0.5645161290322581
11,0.7419354838709677,0.7419354838709677,0.09620578947368516,0.07518857142857181,0.7419354838709677,0.4020161290322581
12,0.7096774193548387,0.7096774193548387,0.26281750000000187,0.07862192307692284,0.6774193548387096,0.4866935483870969
13,0.7096774193548387,0.6774193548387096,0.27804736842105393,0.07148500000000077,0.7741935483870968,0.5213709677419355
14,0.5806451612903226,0.7096774193548387,0.03286115384615378,0.2875969230769224,0.6129032258064516,0.19112903225806452
15,0.7419354838709677,0.6451612903225806,0.23791736842105238,0.10948571428571541,0.7741935483870968,0.628225806451613
16,0.6774193548387096,0.8064516129032258,0.09388000000000131,0.1757857692307694,0.6774193548387096,0.5314516129032258
17,0.7096774193548387,0.8387096774193549,0.14923684210526478,0.10861357142857224,0.7419354838709677,0.5858870967741936
18,0.6774193548387096,0.6129032258064516,0.1997036842105262,0.02387928571428583,0.6774193548387096,0.2995967741935484
19,0.6451612903225806,0.4838709677419355,0.24089769230769176,-0.025494999999999893,0.3870967741935484,-0.305241935483871
20,0.6774193548387096,0.7096774193548387,0.1476292307692304,0.21465115384615385,0.7096774193548387,0.5165322580645162
21,0.6774193548387096,0.8064516129032258,0.10088000000000263,0.20664365384615424,0.7419354838709677,0.747983870967742
22,0.7419354838709677,0.6774193548387096,0.09620578947368455,0.17635357142857205,0.7419354838709677,0.45806451612903226
23,0.6774193548387096,0.6774193548387096,0.05848473684210559,0.19809785714285744,0.6129032258064516,0.3112903225806452
24,0.7096774193548387,0.6774193548387096,0.1975146153846155,0.11657500000000165,0.7096774193548387,0.5322580645161291
25,0.7419354838709677,0.7096774193548387,0.32986684210526357,0.03280357142857308,0.6451612903225806,0.355241935483871
26,0.45161290322580644,0.7419354838709677,-0.007126666666666446,0.3344049999999991,0.45161290322580644,-0.2185483870967742
27,0.6451612903225806,0.7096774193548387,0.04402588235294043,0.10520749999999947,0.6774193548387096,0.1903225806451613
28,0.6451612903225806,0.8064516129032258,0.014484736842106528,0.226396428571429,0.6451612903225806,0.4322580645161291
29,0.7096774193548387,0.7096774193548387,0.0845349999999987,0.22233076923077025,0.7419354838709677,0.6274193548387097
30,0.5806451612903226,0.7419354838709677,0.027463157894737675,0.13903500000000052,0.6451612903225806,0.2830645161290323
31,0.7096774193548387,0.5161290322580645,0.24686953846153753,0.006534285714286429,0.4838709677419355,-0.11532258064516131
32,0.5806451612903226,0.7419354838709677,0.08322151515151516,0.3344049999999993,0.5806451612903226,0.3411290322580645
33,0.6774193548387096,0.7419354838709677,0.07730052631579044,0.16614357142857183,0.6774193548387096,0.47782258064516137
34,0.7741935483870968,0.6451612903225806,0.3271288461538459,0.029820769230769713,0.6129032258064516,0.49314516129032265
35,0.7096774193548387,0.5161290322580645,0.12120624999999663,0.01134250000000006,0.41935483870967744,-0.4891129032258064
36,0.5806451612903226,0.6774193548387096,0.09098499999999948,0.09245499999999948,0.7096774193548387,0.2862903225806452
37,0.6451612903225806,0.7419354838709677,0.31826363636363697,0.33440499999999906,0.7741935483870968,0.7366935483870969
38,0.5806451612903226,0.8064516129032258,0.03229368421052681,0.257424285714286,0.5806451612903226,0.4149193548387097
39,0.7419354838709677,0.6451612903225806,0.1994894736842111,0.1883557142857147,0.6451612903225806,0.48951612903225816
40,0.6774193548387096,0.6451612903225806,0.13027894736842258,0.10402214285714281,0.7096774193548387,0.4370967741935484
41,0.5806451612903226,0.6774193548387096,0.09098499999999948,0.09245499999999948,0.7096774193548387,0.2862903225806452
42,0.6774193548387096,0.7096774193548387,0.14836000000000057,0.08483115384615408,0.7096774193548387,0.4875
43,0.6774193548387096,0.8064516129032258,0.08693263157894807,0.1320635714285722,0.6774193548387096,0.5048387096774194
44,0.7419354838709677,0.7096774193548387,0.14648736842105425,0.15394785714285797,0.7096774193548387,0.5600806451612904
45,0.6129032258064516,0.7096774193548387,0.11737736842105333,0.08633000000000117,0.5161290322580645,0.21330645161290326
46,0.7419354838709677,0.7096774193548387,0.2123399999999997,0.17258634615384716,0.7096774193548387,0.6084677419354839
47,0.6774193548387096,0.7096774193548387,0.07477315789473735,0.21696857142857195,0.6451612903225806,0.3951612903225806
48,0.6774193548387096,0.7096774193548387,0.08710684210526395,0.10219500000000142,0.6451612903225806,0.3056451612903226
49,0.7419354838709677,0.5806451612903226,0.27071476923076865,0.053852857142857195,0.5806451612903226,0.28709677419354845
50,0.6774193548387096,0.7096774193548387,0.14836000000000057,0.08483115384615408,0.7096774193548387,0.4875
51,0.6774193548387096,0.6774193548387096,0.29072157894736983,0.08876571428571489,0.6774193548387096,0.5044354838709678
52,0.7741935483870968,0.5483870967741935,0.3557196153846151,0.0061390384615391085,0.5806451612903226,0.3971774193548388
53,0.7419354838709677,0.6451612903225806,0.31409076923076795,0.1126176923076932,0.7096774193548387,0.6084677419354839
54,0.5806451612903226,0.8064516129032258,0.05835842105263317,0.22653714285714316,0.6451612903225806,0.4185483870967743
55,0.4838709677419355,0.8387096774193549,-0.001785789473683387,0.21524785714285746,0.5806451612903226,0.23185483870967746
56,0.6451612903225806,0.7419354838709677,0.16757999999999956,0.1873155769230767,0.6451612903225806,0.455241935483871
57,0.5806451612903226,0.6774193548387096,0.03656157894737044,0.1984607142857146,0.5806451612903226,0.1713709677419355
58,0.6774193548387096,0.7419354838709677,0.20299846153846174,0.18791942307692341,0.6774193548387096,0.5044354838709678
59,0.7419354838709677,0.5806451612903226,0.2749563076923065,0.06089357142857204,0.6451612903225806,0.28548387096774197
60,0.7419354838709677,0.6451612903225806,0.3590205263157899,0.023091428571429713,0.5161290322580645,0.15000000000000002
61,0.4838709677419355,0.7741935483870968,-0.0014203846153847764,0.227135576923077,0.5161290322580645,0.1907258064516129
62,0.7419354838709677,0.6451612903225806,0.14457526315789632,0.18984857142857164,0.7741935483870968,0.6028225806451614
63,0.5806451612903226,0.7419354838709677,0.06254230769230695,0.31169769230769234,0.6451612903225806,0.4423387096774194
64,0.6451612903225806,0.6774193548387096,0.07503250000000003,0.07662365384615391,0.5161290322580645,0.1774193548387097
65,0.5483870967741935,0.7419354838709677,0.02487052631578999,0.15706071428571378,0.5483870967741935,0.22580645161290325
66,0.7419354838709677,0.7419354838709677,0.3273275000000033,0.07523769230769217,0.6129032258064516,0.45725806451612905
67,0.7096774193548387,0.6129032258064516,0.37967242424242553,0.1509174999999995,0.7741935483870968,0.6967741935483872
68,0.8064516129032258,0.6451612903225806,0.3157515384615381,0.07510076923076953,0.7096774193548387,0.610483870967742
69,0.6451612903225806,0.7741935483870968,0.23953769230769184,0.1786555769230771,0.6129032258064516,0.48629032258064525
70,0.6774193548387096,0.6129032258064516,0.1997036842105262,0.02387928571428583,0.6774193548387096,0.2995967741935484
71,0.3870967741935484,0.6774193548387096,-0.01478600000000098,0.09245499999999923,0.5806451612903226,-0.28911290322580646
72,0.7419354838709677,0.7419354838709677,0.10713210526315856,0.13363214285714345,0.7419354838709677,0.5096774193548388
73,0.6774193548387096,0.8064516129032258,0.31986947368421104,0.04050285714285784,0.6129032258064516,0.18790322580645163
74,0.6451612903225806,0.7419354838709677,0.09081538461538445,0.256740000000001,0.7096774193548387,0.4838709677419355
75,0.7419354838709677,0.5483870967741935,0.24229507692307561,0.01951571428571531,0.5483870967741935,-0.10645161290322583
76,0.6129032258064516,0.7096774193548387,0.20800999999999994,0.033335769230768926,0.6451612903225806,0.3806451612903226
77,0.6451612903225806,0.7096774193548387,0.028647368421052963,0.10848571428571442,0.6129032258064516,0.22419354838709676
78,0.5483870967741935,0.6774193548387096,0.030422424242423845,0.0924549999999992,0.5483870967741935,0.2774193548387097
79,0.6774193548387096,0.5161290322580645,0.294286461538461,0.01154178571428594,0.5806451612903226,0.1975806451612903
80,0.6129032258064516,0.8387096774193549,0.02375842105263335,0.12558142857142868,0.6451612903225806,0.24193548387096775
81,0.7096774193548387,0.5483870967741935,0.29452861538461445,0.030292142857143257,0.45161290322580644,-0.09677419354838711
82,0.4838709677419355,0.6774193548387096,-0.0021850000000004505,0.09245500000000037,0.4838709677419355,0.12661290322580646
83,0.6774193548387096,0.7741935483870968,0.08693263157894829,0.1383085714285718,0.7096774193548387,0.6060483870967743
84,0.7419354838709677,0.7096774193548387,0.2191976923076917,0.10521615384615438,0.7096774193548387,0.5919354838709677
85,0.6774193548387096,0.6451612903225806,0.12352615384615342,0.08668461538461544,0.5806451612903226,0.3209677419354839
86,0.6774193548387096,0.6129032258064516,0.06833299999999956,0.15091750000000004,0.7419354838709677,0.43588709677419357
87,0.7741935483870968,0.6774193548387096,0.21749684210526382,0.1565007142857143,0.7741935483870968,0.6387096774193549
88,0.5161290322580645,0.8709677419354839,0.010619473684211556,0.22019428571428595,0.5806451612903226,0.3173387096774194
89,0.5806451612903226,0.8064516129032258,0.05835842105263317,0.22653714285714316,0.6451612903225806,0.4185483870967743
90,0.5806451612903226,0.8064516129032258,0.05835842105263317,0.22653714285714316,0.6451612903225806,0.4185483870967743
91,0.3225806451612903,0.6774193548387096,-0.02469900000000118,0.09245499999999884,0.45161290322580644,-0.4165322580645161
92,0.7419354838709677,0.7419354838709677,0.1382738461538453,0.1511578846153856,0.6774193548387096,0.5419354838709677
93,0.6774193548387096,0.7419354838709677,0.17868615384615288,0.13286346153846212,0.6129032258064516,0.2967741935483871
94,0.7419354838709677,0.8064516129032258,0.14887315789473932,0.17913357142857197,0.7419354838709677,0.6725806451612905
95,0.6451612903225806,0.6451612903225806,0.0777888461538457,0.11665615384615424,0.6129032258064516,0.2806451612903226
96,0.6129032258064516,0.6774193548387096,0.03291421052631692,0.19952500000000006,0.6129032258064516,0.20403225806451616
97,0.7096774193548387,0.6451612903225806,0.27804736842105393,0.07303500000000038,0.6129032258064516,0.38225806451612904
98,0.6774193548387096,0.7096774193548387,0.213820000000002,0.199074285714286,0.6451612903225806,0.5298387096774194
99,0.6451612903225806,0.5161290322580645,0.1767088235294115,0.008844999999999256,0.4838709677419355,-0.20725806451612905
100,0.6774193548387096,0.8064516129032258,0.09388000000000103,0.09303480769230768,0.6774193548387096,0.44112903225806455
101,0.6451612903225806,0.7741935483870968,0.04025736842105334,0.1854471428571427,0.6129032258064516,0.4318548387096775
102,0.7096774193548387,0.6774193548387096,0.1975146153846155,0.11657500000000165,0.7096774193548387,0.5322580645161291
103,0.8064516129032258,0.6451612903225806,0.3157515384615381,0.07510076923076953,0.7096774193548387,0.610483870967742
104,0.6451612903225806,0.6774193548387096,0.1845369230769223,0.11914134615384618,0.5806451612903226,0.20766129032258068
105,0.6451612903225806,0.7741935483870968,0.053274736842106006,0.22660714285714284,0.6774193548387096,0.4379032258064517
106,0.5161290322580645,0.7419354838709677,0.024280909090910074,0.3344049999999993,0.6451612903225806,0.34475806451612906
107,0.7419354838709677,0.7419354838709677,0.20449615384615372,0.21417384615384916,0.6774193548387096,0.647983870967742
108,0.7741935483870968,0.6129032258064516,0.36570038461538457,0.009101153846154786,0.45161290322580644,0.26370967741935486
109,0.6451612903225806,0.4838709677419355,0.15304499999999932,-0.0004225000000002369,0.5161290322580645,-0.18709677419354842
110,0.6451612903225806,0.7741935483870968,0.04974807692307695,0.24405692307692267,0.6774193548387096,0.6185483870967743
111,0.7096774193548387,0.7419354838709677,0.07202421052631701,0.10851642857142862,0.6451612903225806,0.28548387096774197
112,0.7096774193548387,0.5483870967741935,0.29452861538461445,0.030292142857143257,0.45161290322580644,-0.09677419354838711
113,0.6129032258064516,0.5483870967741935,0.07552076923076853,0.04955000000000137,0.4838709677419355,-0.2701612903225806
114,0.7096774193548387,0.7419354838709677,0.18817884615384506,0.18350884615384883,0.5806451612903226,0.5024193548387098
115,0.6774193548387096,0.7096774193548387,0.14836000000000057,0.08483115384615408,0.7096774193548387,0.4875
116,0.6774193548387096,0.6129032258064516,0.0958047368421058,0.06707357142857195,0.5483870967741935,0.18387096774193548
117,0.6774193548387096,0.7096774193548387,0.08710684210526395,0.10219500000000142,0.6451612903225806,0.3056451612903226
118,0.6774193548387096,0.7419354838709677,0.12030575757575783,0.3344049999999998,0.7419354838709677,0.5608870967741936
119,0.7741935483870968,0.5806451612903226,0.3287334615384611,0.011566538461539322,0.5483870967741935,0.31290322580645163
120,0.7419354838709677,0.7096774193548387,0.21843576923076957,0.2291192307692317,0.7741935483870968,0.767741935483871
121,0.7419354838709677,0.5161290322580645,0.3072470833333346,0.008597500000000351,0.45161290322580644,-0.3524193548387097
122,0.6451612903225806,0.6774193548387096,0.13068615384615287,0.05910071428571445,0.6451612903225806,0.19959677419354843
123,0.7096774193548387,0.6774193548387096,0.10155105263157972,0.20086642857142886,0.7096774193548387,0.5641129032258064
124,0.45161290322580644,0.7419354838709677,-0.007708484848484753,0.3344049999999989,0.45161290322580644,-0.2846774193548387
125,0.7096774193548387,0.8387096774193549,0.14923684210526478,0.10861357142857224,0.7419354838709677,0.5858870967741936
126,0.8064516129032258,0.7419354838709677,0.3997536842105274,0.04802071428571564,0.6774193548387096,0.5116935483870968
127,0.5483870967741935,0.7741935483870968,0.009342631578947767,0.163098571428572,0.5806451612903226,0.25443548387096776
128,0.5806451612903226,0.6129032258064516,0.05736875000000005,0.15091749999999993,0.6451612903225806,0.310483870967742
129,0.6774193548387096,0.7419354838709677,0.06448210526315865,0.35720071428571487,0.6774193548387096,0.6032258064516131
130,0.6774193548387096,0.7096774193548387,0.213820000000002,0.199074285714286,0.6451612903225806,0.5298387096774194
131,0.5806451612903226,0.7419354838709677,0.03656157894737022,0.19967785714285724,0.5161290322580645,0.11693548387096775
132,0.7096774193548387,0.6774193548387096,0.10155105263157972,0.20086642857142886,0.7096774193548387,0.5641129032258064
133,0.6774193548387096,0.7096774193548387,0.2907215789473696,0.07057928571428593,0.6451612903225806,0.4008064516129033
134,0.5161290322580645,0.7419354838709677,0.0791949999999995,0.334405,0.7096774193548387,0.4120967741935484
135,0.6451612903225806,0.6451612903225806,0.1965836842105268,0.09980000000000012,0.5483870967741935,0.1866935483870968
136,0.5483870967741935,0.8064516129032258,0.05238526315789638,0.2519185714285714,0.6774193548387096,0.43830645161290327
137,0.6451612903225806,0.6774193548387096,0.18538192307692222,0.1147398076923083,0.6451612903225806,0.33830645161290324
138,0.6774193548387096,0.8064516129032258,0.09388000000000131,0.1757857692307694,0.6774193548387096,0.5314516129032258
139,0.5161290322580645,0.6129032258064516,0.0012945454545463808,0.1509174999999996,0.45161290322580644,-0.27903225806451615
140,0.7096774193548387,0.6774193548387096,0.15756038461538438,0.1792565384615386,0.7741935483870968,0.6387096774193549
141,0.7096774193548387,0.7419354838709677,0.16519730769230745,0.17106019230769276,0.7096774193548387,0.6245967741935484
142,0.6774193548387096,0.5161290322580645,0.044090000000000996,0.008597500000000412,0.45161290322580644,-0.3536290322580646
143,0.7419354838709677,0.7741935483870968,0.18602684210526438,0.08118000000000022,0.7741935483870968,0.6370967741935485
144,0.5161290322580645,0.7741935483870968,0.021354230769230514,0.20265000000000033,0.5483870967741935,0.21975806451612906
145,0.6451612903225806,0.8064516129032258,0.2792026315789489,0.1296078571428581,0.6451612903225806,0.4701612903225807
146,0.5806451612903226,0.7419354838709677,0.03229368421052614,0.33252642857142767,0.5806451612903226,0.435483870967742
147,0.6451612903225806,0.7419354838709677,0.03374038461538441,0.2506544230769233,0.5806451612903226,0.10685483870967745
148,0.6451612903225806,0.6774193548387096,0.10769499999999924,0.09245499999999962,0.7741935483870968,0.31532258064516133
149,0.6451612903225806,0.7096774193548387,0.20621999999999938,0.07582307692307734,0.6129032258064516,0.24838709677419357
150,0.7741935483870968,0.7419354838709677,0.2829525000000012,0.1437559615384622,0.7096774193548387,0.5596774193548387
151,0.7096774193548387,0.7419354838709677,0.1469342105263171,0.1438350000000005,0.7096774193548387,0.4592741935483872
152,0.7419354838709677,0.6129032258064516,0.32986684210526407,0.023846428571428963,0.5483870967741935,0.1431451612903226
153,0.6451612903225806,0.7419354838709677,0.16757999999999956,0.1873155769230767,0.6451612903225806,0.455241935483871
154,0.7419354838709677,0.45161290322580644,0.6255162499999994,-0.09372499999999935,0.45161290322580644,-0.5991935483870968
155,0.6774193548387096,0.7419354838709677,0.21803269230769218,0.1216198076923079,0.7419354838709677,0.6221774193548388
156,0.45161290322580644,0.6774193548387096,-0.00928363636363587,0.09245499999999898,0.3870967741935484,-0.2540322580645161
157,0.4838709677419355,0.6774193548387096,-0.0010924999999989762,0.09422384615384558,0.41935483870967744,0.020161290322580648
158,0.6774193548387096,0.7096774193548387,0.19868038461538462,0.06822461538461544,0.6451612903225806,0.4116935483870968
159,0.7741935483870968,0.5483870967741935,0.3182058333333338,0.012757500000000302,0.5806451612903226,-0.3350806451612904
160,0.45161290322580644,0.6774193548387096,-0.00928363636363587,0.09245499999999898,0.3870967741935484,-0.2540322580645161
161,0.7741935483870968,0.5483870967741935,0.45212736842105333,0.006551428571428847,0.6451612903225806,0.3770161290322581
162,0.3870967741935484,0.7419354838709677,-0.014786000000001055,0.33440499999999984,0.5161290322580645,-0.3419354838709678
163,0.7096774193548387,0.5483870967741935,0.29452861538461445,0.030292142857143257,0.45161290322580644,-0.09677419354838711
164,0.45161290322580644,0.6774193548387096,-0.0020087878787880317,0.09245499999999882,0.45161290322580644,0.023790322580645163
165,0.6451612903225806,0.6774193548387096,0.05711382352941129,0.10593999999999877,0.7096774193548387,0.2967741935483871
166,0.7419354838709677,0.7096774193548387,0.14648736842105425,0.15394785714285797,0.7096774193548387,0.5600806451612904
167,0.6774193548387096,0.8387096774193549,0.10181789473684288,0.15585071428571468,0.7096774193548387,0.6314516129032258
168,0.7741935483870968,0.6451612903225806,0.40287368421052705,0.024865000000000206,0.6774193548387096,0.4810483870967742
169,0.6774193548387096,0.6129032258064516,0.1997036842105262,0.02387928571428583,0.6774193548387096,0.2995967741935484
170,0.7419354838709677,0.5483870967741935,0.3909288461538457,0.02862461538461628,0.6129032258064516,0.46048387096774196
171,0.6774193548387096,0.7419354838709677,0.1018178947368437,0.20032142857142882,0.7419354838709677,0.6471774193548387
172,0.5161290322580645,0.8064516129032258,0.037372307692307885,0.2455251923076932,0.5806451612903226,0.2608870967741936
173,0.7419354838709677,0.7096774193548387,0.14648736842105425,0.15394785714285797,0.7096774193548387,0.5600806451612904
174,0.6774193548387096,0.7096774193548387,0.14836000000000057,0.08483115384615408,0.7096774193548387,0.4875
175,0.5483870967741935,0.8064516129032258,0.009342631578948307,0.13891857142857,0.6129032258064516,0.23629032258064517
176,0.6774193548387096,0.6774193548387096,0.1367184210526327,0.05307785714285711,0.6774193548387096,0.43104838709677423
177,0.5483870967741935,0.7741935483870968,0.052560526315790446,0.22012857142857142,0.6451612903225806,0.590725806451613
178,0.7741935483870968,0.6451612903225806,0.2939473076923077,0.03249865384615468,0.7419354838709677,0.5467741935483872
179,0.5483870967741935,0.8064516129032258,0.00870750000000102,0.10505403846153855,0.5483870967741935,0.22217741935483873
180,0.7419354838709677,0.6129032258064516,0.13121210526315796,0.19105357142857213,0.7419354838709677,0.5629032258064516
181,0.7096774193548387,0.6451612903225806,0.14739261538461437,0.06308857142857338,0.6774193548387096,0.20645161290322583
182,0.7096774193548387,0.6451612903225806,0.146934210526317,0.1929571428571423,0.7419354838709677,0.49758064516129036
183,0.6451612903225806,0.6774193548387096,0.15113000000000254,0.09181519230769233,0.5806451612903226,0.3915322580645162
184,0.6774193548387096,0.6451612903225806,0.07590526315789445,0.13632928571428637,0.6451612903225806,0.3798387096774194
185,0.6129032258064516,0.6774193548387096,0.0852333333333331,0.09245499999999915,0.6129032258064516,0.25080645161290327
186,0.6774193548387096,0.8064516129032258,0.07571789473684443,0.19343571428571638,0.6774193548387096,0.3915322580645162
187,0.6129032258064516,0.5806451612903226,0.04229646153846088,0.07775964285714354,0.45161290322580644,-0.21411290322580648
188,0.6774193548387096,0.5483870967741935,0.07789000000000068,0.012757499999999967,0.5483870967741935,-0.21975806451612906
189,0.7419354838709677,0.5806451612903226,0.2994867692307687,0.03911214285714311,0.5806451612903226,0.24233870967741936
190,0.7419354838709677,0.6774193548387096,0.18602684210526405,0.1596614285714272,0.8064516129032258,0.7173387096774194
191,0.6451612903225806,0.45161290322580644,0.1366747692307696,-0.028917857142857304,0.41935483870967744,-0.28830645161290325
192,0.3870967741935484,0.7419354838709677,-0.014786000000001055,0.33440499999999984,0.5161290322580645,-0.3419354838709678
193,0.7419354838709677,0.5161290322580645,0.3072470833333346,0.008597500000000351,0.45161290322580644,-0.3524193548387097
194,0.6774193548387096,0.7419354838709677,0.12030575757575783,0.3344049999999998,0.7419354838709677,0.5608870967741936
195,0.7419354838709677,0.6451612903225806,0.14457526315789632,0.18984857142857164,0.7741935483870968,0.6028225806451614
196,0.7096774193548387,0.6774193548387096,0.12975090909090914,0.09245499999999932,0.7096774193548387,0.5866935483870969
197,0.6774193548387096,0.7096774193548387,0.13997500000000387,0.07063519230769245,0.5806451612903226,0.21733870967741936
198,0.7419354838709677,0.8064516129032258,0.14887315789473932,0.17913357142857197,0.7419354838709677,0.6725806451612905
199,0.6129032258064516,0.8064516129032258,0.0837125000000015,0.12805692307692407,0.6129032258064516,0.27419354838709686
200,0.7419354838709677,0.7419354838709677,0.20449615384615372,0.21417384615384916,0.6774193548387096,0.647983870967742
201,0.45161290322580644,0.6129032258064516,-0.007884242424242356,0.15091749999999982,0.5161290322580645,-0.13346774193548389
202,0.7096774193548387,0.7419354838709677,0.14156666666666734,0.33440499999999934,0.7096774193548387,0.5915322580645161
203,0.6129032258064516,0.7419354838709677,0.1327537499999999,0.33440499999999984,0.6774193548387096,0.5645161290322581
204,0.6774193548387096,0.6129032258064516,0.1997036842105262,0.02387928571428583,0.6774193548387096,0.2995967741935484
205,0.6774193548387096,0.7419354838709677,0.0708747368421063,0.35751000000000055,0.6774193548387096,0.5403225806451613
206,0.6451612903225806,0.6774193548387096,0.19739030303030355,0.09245499999999848,0.7741935483870968,0.5866935483870969
207,0.4838709677419355,0.6774193548387096,-0.005385757575757594,0.09245499999999914,0.6129032258064516,0.11411290322580646
208,0.45161290322580644,0.7419354838709677,-0.007126666666666446,0.3344049999999991,0.45161290322580644,-0.2185483870967742
209,0.7419354838709677,0.5483870967741935,0.4005147368421065,0.07112571428571475,0.6774193548387096,0.47862903225806447
210,0.7741935483870968,0.6451612903225806,0.2939473076923077,0.03249865384615468,0.7419354838709677,0.5467741935483872
211,0.7419354838709677,0.6774193548387096,0.2628850000000008,0.06352326923076926,0.6774193548387096,0.5104838709677421
212,0.6451612903225806,0.7741935483870968,0.04974807692307695,0.24405692307692267,0.6774193548387096,0.6185483870967743
213,0.7419354838709677,0.7419354838709677,0.1382738461538453,0.1511578846153856,0.6774193548387096,0.5419354838709677
214,0.6129032258064516,0.6774193548387096,0.051497368421053236,0.17840714285714354,0.6774193548387096,0.3451612903225807
215,0.6129032258064516,0.5161290322580645,0.07554046153846006,0.018178928571428783,0.45161290322580644,-0.24798387096774194
216,0.6774193548387096,0.7741935483870968,0.3096205263157906,0.17631285714285744,0.7096774193548387,0.5782258064516129
217,0.7419354838709677,0.8064516129032258,0.3128947368421061,0.09971071428571474,0.7419354838709677,0.5903225806451613
218,0.5161290322580645,0.7741935483870968,0.006364736842105952,0.19355071428571458,0.5483870967741935,0.35282258064516137
219,0.6129032258064516,0.8064516129032258,0.023758421052632803,0.21167285714285777,0.6129032258064516,0.2770161290322581
220,0.6451612903225806,0.7419354838709677,0.07503263157894836,0.21587285714285795,0.7096774193548387,0.6120967741935485
221,0.6774193548387096,0.7096774193548387,0.07590526315789546,0.10658071428571474,0.5806451612903226,0.3375
222,0.6774193548387096,0.7096774193548387,0.213820000000002,0.199074285714286,0.6451612903225806,0.5298387096774194
223,0.7096774193548387,0.7419354838709677,0.10155105263158025,0.1626150000000015,0.6451612903225806,0.5544354838709679
224,0.7419354838709677,0.6129032258064516,0.32986684210526407,0.023846428571428963,0.5483870967741935,0.1431451612903226
225,0.6774193548387096,0.5161290322580645,0.044090000000000996,0.008597500000000412,0.45161290322580644,-0.3536290322580646
226,0.6451612903225806,0.6774193548387096,0.18349846153846028,0.2265153846153856,0.6451612903225806,0.44919354838709685
227,0.6774193548387096,0.6774193548387096,0.14818538461538444,0.21608384615384624,0.6774193548387096,0.5112903225806452
228,0.7419354838709677,0.6129032258064516,0.4528663157894745,0.022947142857143207,0.6774193548387096,0.4391129032258065
229,0.5806451612903226,0.8064516129032258,0.05252631578947456,0.21680928571428562,0.6451612903225806,0.5556451612903226
230,0.5806451612903226,0.7419354838709677,0.025784999999999725,0.33440499999999956,0.6451612903225806,0.44072580645161297
231,0.5806451612903226,0.8064516129032258,0.05252631578947456,0.21680928571428562,0.6451612903225806,0.5556451612903226
232,0.45161290322580644,0.6774193548387096,-0.00928363636363587,0.09245499999999898,0.3870967741935484,-0.2540322580645161
233,0.5161290322580645,0.6774193548387096,0.027776363636363578,0.0924549999999998,0.6451612903225806,0.16935483870967744
234,0.45161290322580644,0.7741935483870968,-0.004221538461538659,0.2480876923076927,0.5483870967741935,0.2060483870967742
235,0.6774193548387096,0.6451612903225806,0.05395969230769178,0.09281071428571455,0.7096774193548387,0.1733870967741936
236,0.6451612903225806,0.6774193548387096,0.13661515151515186,0.09245499999999883,0.7096774193548387,0.23750000000000004
237,0.6129032258064516,0.6129032258064516,0.11944250000000012,0.1509175000000002,0.6774193548387096,0.3451612903225807
238,0.7096774193548387,0.6451612903225806,0.039276615384612024,0.0703953571428572,0.6774193548387096,0.1629032258064516
239,0.6451612903225806,0.6774193548387096,0.06432424242424223,0.09245499999999937,0.5806451612903226,0.19112903225806452
240,0.7419354838709677,0.7096774193548387,0.23791736842105277,0.08809500000000012,0.7096774193548387,0.4991935483870968
241,0.8064516129032258,0.6451612903225806,0.13269000000000025,0.18870142857142877,0.7096774193548387,0.5661290322580645
242,0.7096774193548387,0.5806451612903226,0.3324947692307687,0.040871428571429134,0.5483870967741935,0.26048387096774195
243,0.7096774193548387,0.8064516129032258,0.16263947368421278,0.10341214285714352,0.7096774193548387,0.5955645161290324
244,0.6451612903225806,0.6774193548387096,0.47260250000000126,0.046301153846154276,0.6451612903225806,0.3266129032258065
245,0.5806451612903226,0.8387096774193549,0.08584500000000088,0.10591365384615392,0.6129032258064516,0.3209677419354839
246,0.6774193548387096,0.6774193548387096,0.15215749999999922,0.09245499999999979,0.7419354838709677,0.5741935483870969
247,0.6774193548387096,0.6451612903225806,0.19970368421052703,0.03474500000000015,0.6451612903225806,0.22943548387096774
248,0.6129032258064516,0.7419354838709677,0.03719692307692281,0.2897005769230768,0.6774193548387096,0.4068548387096775
249,0.6451612903225806,0.6774193548387096,0.10769499999999924,0.09245499999999962,0.7741935483870968,0.31532258064516133
250,0.6451612903225806,0.7741935483870968,0.12583473684210622,0.09870642857142942,0.6774193548387096,0.4205645161290323
251,0.6451612903225806,0.7096774193548387,0.07503250000000039,0.16688596153846147,0.5483870967741935,0.27137096774193553
252,0.4838709677419355,0.6129032258064516,-0.00430636363636358,0.15091749999999965,0.41935483870967744,-0.2806451612903226
253,0.45161290322580644,0.6129032258064516,-0.004156969696969756,0.15091750000000026,0.45161290322580644,-0.24314516129032263
254,0.6451612903225806,0.41935483870967744,0.24168415384615333,-0.12146249999999997,0.3225806451612903,-0.6076612903225808
255,0.4838709677419355,0.7741935483870968,-0.0019168421052626573,0.16255357142857155,0.5161290322580645,0.17258064516129035
256,0.7096774193548387,0.5161290322580645,0.38792000000000004,0.011342499999999854,0.4838709677419355,-0.30201612903225805
257,0.6129032258064516,0.8064516129032258,0.1663200000000011,0.23398173076922935,0.7419354838709677,0.6713709677419356
258,0.7419354838709677,0.5806451612903226,0.2994867692307687,0.03911214285714311,0.5806451612903226,0.24233870967741936
259,0.5483870967741935,0.8387096774193549,0.027529473684211894,0.13867571428571432,0.5806451612903226,0.25443548387096776
260,0.7096774193548387,0.8064516129032258,0.16263947368421278,0.10341214285714352,0.7096774193548387,0.5955645161290324
261,0.6129032258064516,0.7096774193548387,0.1378750000000017,0.053317307692307817,0.5161290322580645,0.10645161290322583
262,0.5806451612903226,0.7096774193548387,0.045136764705881974,0.0841374999999994,0.6129032258064516,0.2548387096774194
263,0.6451612903225806,0.7419354838709677,0.16757999999999956,0.1873155769230767,0.6451612903225806,0.455241935483871
264,0.7096774193548387,0.4838709677419355,0.10633753846153637,-0.03343857142857133,0.45161290322580644,-0.2395161290322581
265,0.7096774193548387,0.7419354838709677,0.23962263157894903,0.16814428571428613,0.6451612903225806,0.5181451612903226
266,0.5161290322580645,0.7741935483870968,0.0209268421052636,0.21714428571428662,0.6129032258064516,0.305241935483871
267,0.6774193548387096,0.7096774193548387,0.1512868421052651,0.08037142857142898,0.5806451612903226,0.22540322580645164
268,0.4838709677419355,0.6774193548387096,-0.0010924999999989762,0.09422384615384558,0.41935483870967744,0.020161290322580648
269,0.6451612903225806,0.45161290322580644,0.24357569230769216,-0.03615607142857128,0.3548387096774194,-0.5641129032258064
270,0.4838709677419355,0.8387096774193549,-0.001785789473683387,0.21524785714285746,0.5806451612903226,0.23185483870967746
271,0.5483870967741935,0.7741935483870968,0.009342631578947767,0.163098571428572,0.5806451612903226,0.25443548387096776
272,0.6129032258064516,0.8064516129032258,0.07993210526315991,0.16423571428571399,0.6129032258064516,0.46532258064516135
273,0.6451612903225806,0.4838709677419355,0.2022493846153835,-0.003715714285713812,0.3870967741935484,-0.455241935483871
274,0.4838709677419355,0.6774193548387096,-0.005385757575757594,0.09245499999999914,0.6129032258064516,0.11411290322580646
275,0.7419354838709677,0.7096774193548387,0.35902052631579007,0.0213492857142858,0.5806451612903226,0.3008064516129033
276,0.7096774193548387,0.7419354838709677,0.07202421052631701,0.10851642857142862,0.6451612903225806,0.28548387096774197
277,0.7419354838709677,0.6451612903225806,0.1994894736842111,0.1883557142857147,0.6451612903225806,0.48951612903225816
278,0.7096774193548387,0.7419354838709677,0.23962263157894903,0.16814428571428613,0.6451612903225806,0.5181451612903226
279,0.7419354838709677,0.6451612903225806,0.23791736842105238,0.10948571428571541,0.7741935483870968,0.628225806451613
280,0.5483870967741935,0.8709677419354839,0.02735421052631716,0.21551285714285817,0.6129032258064516,0.3798387096774194
281,0.7419354838709677,0.5483870967741935,0.0799899999999929,0.012757499999999925,0.41935483870967744,-0.4838709677419355
282,0.6451612903225806,0.7096774193548387,0.251505263157896,0.05229071428571458,0.6129032258064516,0.3653225806451613
283,0.6451612903225806,0.7741935483870968,0.053274736842106006,0.22660714285714284,0.6774193548387096,0.4379032258064517
284,0.6451612903225806,0.6774193548387096,0.07503250000000003,0.07662365384615391,0.5161290322580645,0.1774193548387097
285,0.7096774193548387,0.7419354838709677,0.3162290909090921,0.33440499999999895,0.7096774193548387,0.6600806451612903
286,0.6129032258064516,0.8064516129032258,0.06329500000000093,0.14935230769230767,0.6774193548387096,0.5629032258064516
287,0.7096774193548387,0.6129032258064516,0.128969393939396,0.15091749999999957,0.8387096774193549,0.6108870967741936
288,0.4838709677419355,0.7096774193548387,-0.001092499999999586,0.16717903846153823,0.45161290322580644,0.09274193548387098
289,0.5483870967741935,0.7741935483870968,0.021556315789474076,0.19220428571428577,0.5806451612903226,0.4516129032258065
290,0.7096774193548387,0.7096774193548387,0.174517307692307,0.08586788461538444,0.7419354838709677,0.6008064516129032
291,0.6451612903225806,0.45161290322580644,0.24357569230769216,-0.03615607142857128,0.3548387096774194,-0.5641129032258064
292,0.6129032258064516,0.6774193548387096,0.03291421052631692,0.19952500000000006,0.6129032258064516,0.20403225806451616
293,0.6451612903225806,0.45161290322580644,0.11801500000000109,-0.09372499999999948,0.41935483870967744,-0.5274193548387097
294,0.6774193548387096,0.7419354838709677,0.20299846153846174,0.18791942307692341,0.6774193548387096,0.5044354838709678
295,0.5483870967741935,0.7741935483870968,0.05147346153846154,0.24745461538461558,0.5806451612903226,0.4588709677419355
296,0.7096774193548387,0.6774193548387096,0.06292153846153756,0.07249321428571427,0.6451612903225806,0.21935483870967742
297,0.6451612903225806,0.6774193548387096,0.47260250000000126,0.046301153846154276,0.6451612903225806,0.3266129032258065
298,0.45161290322580644,0.6774193548387096,-0.00928363636363587,0.09245499999999898,0.3870967741935484,-0.2540322580645161
299,0.6774193548387096,0.7096774193548387,0.13997500000000387,0.07063519230769245,0.5806451612903226,0.21733870967741936
