mode,replicate,shared_ecm_genes,gse70362_fraction_up,gse70362_sign_p,gse23130_fraction_up,gse23130_sign_p,ecm_concordance,ecm_concordance_p,ecm_concordance_p_less,ecm_concordance_p_two_sided
highest_mean,0,30,0.4666666666666667,0.70766764413566,0.7741935483870968,0.0016634464263915974,0.23333333333333334,0.9992845468223183,0.00261143967509271,0.00522287935018542
first_probe,0,30,0.4666666666666667,0.70766764413566,0.8387096774193549,9.609758853912259e-05,0.3,0.9919375991448849,0.021386972628533986,0.04277394525706797
median_probe,0,30,0.4666666666666667,0.70766764413566,0.7419354838709677,0.00533692026510832,0.3333333333333333,0.9786130273714748,0.04936857335269489,0.09873714670538979
random_probe,1,30,0.4666666666666667,0.70766764413566,0.7096774193548387,0.014724686741828917,0.36666666666666664,0.9506314266473139,0.10024421103298742,0.20048842206597484
random_probe,2,30,0.4666666666666667,0.70766764413566,0.6451612903225806,0.07480639219284035,0.36666666666666664,0.9506314266473139,0.10024421103298742,0.20048842206597484
random_probe,3,30,0.4666666666666667,0.70766764413566,0.6774193548387096,0.035377772990614134,0.4,0.8997557889670215,0.1807973040267839,0.3615946080535678
random_probe,4,30,0.4666666666666667,0.70766764413566,0.6451612903225806,0.07480639219284035,0.36666666666666664,0.9506314266473139,0.10024421103298742,0.20048842206597484
random_probe,5,30,0.4666666666666667,0.70766764413566,0.7741935483870968,0.0016634464263915974,0.36666666666666664,0.9506314266473139,0.10024421103298742,0.20048842206597484
random_probe,6,30,0.4666666666666667,0.70766764413566,0.6451612903225806,0.07480639219284035,0.3,0.9919375991448849,0.021386972628533986,0.04277394525706797
random_probe,7,30,0.4666666666666667,0.70766764413566,0.6774193548387096,0.035377772990614134,0.3333333333333333,0.9786130273714748,0.04936857335269489,0.09873714670538979
random_probe,8,30,0.4666666666666667,0.70766764413566,0.6774193548387096,0.035377772990614134,0.4,0.8997557889670215,0.1807973040267839,0.3615946080535678
random_probe,9,30,0.4666666666666667,0.70766764413566,0.7096774193548387,0.014724686741828917,0.3,0.9919375991448849,0.021386972628533986,0.04277394525706797
random_probe,10,30,0.4666666666666667,0.70766764413566,0.6774193548387096,0.035377772990614134,0.3333333333333333,0.9786130273714748,0.04936857335269489,0.09873714670538979
random_probe,11,30,0.4666666666666667,0.70766764413566,0.7741935483870968,0.0016634464263915974,0.36666666666666664,0.9506314266473139,0.10024421103298742,0.20048842206597484
random_probe,12,30,0.4666666666666667,0.70766764413566,0.6451612903225806,0.07480639219284035,0.43333333333333335,0.8192026959732248,0.2923323558643488,0.5846647117286976
random_probe,13,30,0.4666666666666667,0.70766764413566,0.7096774193548387,0.014724686741828917,0.36666666666666664,0.9506314266473139,0.10024421103298742,0.20048842206597484
random_probe,14,30,0.4666666666666667,0.70766764413566,0.7096774193548387,0.014724686741828917,0.36666666666666664,0.9506314266473139,0.10024421103298742,0.20048842206597484
random_probe,15,30,0.4666666666666667,0.70766764413566,0.6451612903225806,0.07480639219284035,0.36666666666666664,0.9506314266473139,0.10024421103298742,0.20048842206597484
random_probe,16,30,0.4666666666666667,0.70766764413566,0.6774193548387096,0.035377772990614134,0.26666666666666666,0.9973885603249161,0.008062400855124033,0.016124801710248066
random_probe,17,30,0.4666666666666667,0.70766764413566,0.7096774193548387,0.014724686741828917,0.43333333333333335,0.8192026959732248,0.2923323558643488,0.5846647117286976
random_probe,18,30,0.4666666666666667,0.70766764413566,0.6774193548387096,0.035377772990614134,0.4,0.8997557889670215,0.1807973040267839,0.3615946080535678
random_probe,19,30,0.4666666666666667,0.70766764413566,0.6451612903225806,0.07480639219284035,0.36666666666666664,0.9506314266473139,0.10024421103298742,0.20048842206597484
random_probe,20,30,0.4666666666666667,0.70766764413566,0.6774193548387096,0.035377772990614134,0.4,0.8997557889670215,0.1807973040267839,0.3615946080535678
random_probe,21,30,0.4666666666666667,0.70766764413566,0.7741935483870968,0.0016634464263915974,0.36666666666666664,0.9506314266473139,0.10024421103298742,0.20048842206597484
random_probe,22,30,0.4666666666666667,0.70766764413566,0.7096774193548387,0.014724686741828917,0.3,0.9919375991448849,0.021386972628533986,0.04277394525706797
random_probe,23,30,0.4666666666666667,0.70766764413566,0.7096774193548387,0.014724686741828917,0.36666666666666664,0.9506314266473139,0.10024421103298742,0.20048842206597484
random_probe,24,30,0.4666666666666667,0.70766764413566,0.7419354838709677,0.00533692026510832,0.26666666666666666,0.9973885603249161,0.008062400855124033,0.016124801710248066
random_probe,25,30,0.4666666666666667,0.70766764413566,0.7096774193548387,0.014724686741828917,0.36666666666666664,0.9506314266473139,0.10024421103298742,0.20048842206597484
random_probe,26,30,0.4666666666666667,0.70766764413566,0.6129032258064516,0.14052075752988424,0.4666666666666667,0.70766764413566,0.42776777595281934,0.8555355519056387
random_probe,27,30,0.4666666666666667,0.70766764413566,0.6451612903225806,0.07480639219284035,0.36666666666666664,0.9506314266473139,0.10024421103298742,0.20048842206597484
random_probe,28,30,0.4666666666666667,0.70766764413566,0.6774193548387096,0.035377772990614134,0.3333333333333333,0.9786130273714748,0.04936857335269489,0.09873714670538979
random_probe,29,30,0.4666666666666667,0.70766764413566,0.7741935483870968,0.0016634464263915974,0.36666666666666664,0.9506314266473139,0.10024421103298742,0.20048842206597484
random_probe,30,30,0.4666666666666667,0.70766764413566,0.7096774193548387,0.014724686741828917,0.36666666666666664,0.9506314266473139,0.10024421103298742,0.20048842206597484
random_probe,31,30,0.4666666666666667,0.70766764413566,0.7741935483870968,0.0016634464263915974,0.36666666666666664,0.9506314266473139,0.10024421103298742,0.20048842206597484
random_probe,32,30,0.4666666666666667,0.70766764413566,0.6451612903225806,0.07480639219284035,0.3,0.9919375991448849,0.021386972628533986,0.04277394525706797
random_probe,33,30,0.4666666666666667,0.70766764413566,0.6774193548387096,0.035377772990614134,0.3333333333333333,0.9786130273714748,0.04936857335269489,0.09873714670538979
random_probe,34,30,0.4666666666666667,0.70766764413566,0.6451612903225806,0.07480639219284035,0.36666666666666664,0.9506314266473139,0.10024421103298742,0.20048842206597484
random_probe,35,30,0.4666666666666667,0.70766764413566,0.6451612903225806,0.07480639219284035,0.36666666666666664,0.9506314266473139,0.10024421103298742,0.20048842206597484
random_probe,36,30,0.4666666666666667,0.70766764413566,0.6129032258064516,0.14052075752988424,0.26666666666666666,0.9973885603249161,0.008062400855124033,0.016124801710248066
random_probe,37,30,0.4666666666666667,0.70766764413566,0.7741935483870968,0.0016634464263915974,0.5,0.5722322240471894,0.572232224047189,1.0
random_probe,38,30,0.4666666666666667,0.70766764413566,0.6129032258064516,0.14052075752988424,0.4666666666666667,0.70766764413566,0.42776777595281934,0.8555355519056387
random_probe,39,30,0.4666666666666667,0.70766764413566,0.7419354838709677,0.00533692026510832,0.3333333333333333,0.9786130273714748,0.04936857335269489,0.09873714670538979
random_probe,40,30,0.4666666666666667,0.70766764413566,0.7419354838709677,0.00533692026510832,0.4,0.8997557889670215,0.1807973040267839,0.3615946080535678
random_probe,41,30,0.4666666666666667,0.70766764413566,0.8387096774193549,9.609758853912259e-05,0.3,0.9919375991448849,0.021386972628533986,0.04277394525706797
random_probe,42,30,0.4666666666666667,0.70766764413566,0.7096774193548387,0.014724686741828917,0.43333333333333335,0.8192026959732248,0.2923323558643488,0.5846647117286976
random_probe,43,30,0.4666666666666667,0.70766764413566,0.7096774193548387,0.014724686741828917,0.36666666666666664,0.9506314266473139,0.10024421103298742,0.20048842206597484
random_probe,44,30,0.4666666666666667,0.70766764413566,0.6774193548387096,0.035377772990614134,0.3333333333333333,0.9786130273714748,0.04936857335269489,0.09873714670538979
random_probe,45,30,0.4666666666666667,0.70766764413566,0.7741935483870968,0.0016634464263915974,0.23333333333333334,0.9992845468223183,0.00261143967509271,0.00522287935018542
random_probe,46,30,0.4666666666666667,0.70766764413566,0.7419354838709677,0.00533692026510832,0.3333333333333333,0.9786130273714748,0.04936857335269489,0.09873714670538979
random_probe,47,30,0.4666666666666667,0.70766764413566,0.6451612903225806,0.07480639219284035,0.43333333333333335,0.8192026959732248,0.2923323558643488,0.5846647117286976
random_probe,48,30,0.4666666666666667,0.70766764413566,0.7419354838709677,0.00533692026510832,0.3333333333333333,0.9786130273714748,0.04936857335269489,0.09873714670538979
random_probe,49,30,0.4666666666666667,0.70766764413566,0.6774193548387096,0.035377772990614134,0.3333333333333333,0.9786130273714748,0.04936857335269489,0.09873714670538979
random_probe,50,30,0.4666666666666667,0.70766764413566,0.7741935483870968,0.0016634464263915974,0.36666666666666664,0.9506314266473139,0.10024421103298742,0.20048842206597484
random_probe,51,30,0.4666666666666667,0.70766764413566,0.7096774193548387,0.014724686741828917,0.3,0.9919375991448849,0.021386972628533986,0.04277394525706797
random_probe,52,30,0.4666666666666667,0.70766764413566,0.6129032258064516,0.14052075752988424,0.4,0.8997557889670215,0.1807973040267839,0.3615946080535678
random_probe,53,30,0.4666666666666667,0.70766764413566,0.6774193548387096,0.035377772990614134,0.3333333333333333,0.9786130273714748,0.04936857335269489,0.09873714670538979
random_probe,54,30,0.4666666666666667,0.70766764413566,0.7096774193548387,0.014724686741828917,0.5,0.5722322240471894,0.572232224047189,1.0
random_probe,55,30,0.4666666666666667,0.70766764413566,0.6774193548387096,0.035377772990614134,0.3333333333333333,0.9786130273714748,0.04936857335269489,0.09873714670538979
random_probe,56,30,0.4666666666666667,0.70766764413566,0.6774193548387096,0.035377772990614134,0.3333333333333333,0.9786130273714748,0.04936857335269489,0.09873714670538979
random_probe,57,30,0.4666666666666667,0.70766764413566,0.7419354838709677,0.00533692026510832,0.26666666666666666,0.9973885603249161,0.008062400855124033,0.016124801710248066
random_probe,58,30,0.4666666666666667,0.70766764413566,0.7096774193548387,0.014724686741828917,0.3,0.9919375991448849,0.021386972628533986,0.04277394525706797
random_probe,59,30,0.4666666666666667,0.70766764413566,0.6129032258064516,0.14052075752988424,0.26666666666666666,0.9973885603249161,0.008062400855124033,0.016124801710248066
random_probe,60,30,0.4666666666666667,0.70766764413566,0.7096774193548387,0.014724686741828917,0.43333333333333335,0.8192026959732248,0.2923323558643488,0.5846647117286976
random_probe,61,30,0.4666666666666667,0.70766764413566,0.7419354838709677,0.00533692026510832,0.4,0.8997557889670215,0.1807973040267839,0.3615946080535678
random_probe,62,30,0.4666666666666667,0.70766764413566,0.6129032258064516,0.14052075752988424,0.4,0.8997557889670215,0.1807973040267839,0.3615946080535678
random_probe,63,30,0.4666666666666667,0.70766764413566,0.6129032258064516,0.14052075752988424,0.4,0.8997557889670215,0.1807973040267839,0.3615946080535678
random_probe,64,30,0.4666666666666667,0.70766764413566,0.7419354838709677,0.00533692026510832,0.3333333333333333,0.9786130273714748,0.04936857335269489,0.09873714670538979
random_probe,65,30,0.4666666666666667,0.70766764413566,0.7096774193548387,0.014724686741828917,0.16666666666666666,0.9999702619388788,0.0001624571159482007,0.0003249142318964014
random_probe,66,30,0.4666666666666667,0.70766764413566,0.7096774193548387,0.014724686741828917,0.43333333333333335,0.8192026959732248,0.2923323558643488,0.5846647117286976
random_probe,67,30,0.4666666666666667,0.70766764413566,0.6451612903225806,0.07480639219284035,0.36666666666666664,0.9506314266473139,0.10024421103298742,0.20048842206597484
random_probe,68,30,0.4666666666666667,0.70766764413566,0.7741935483870968,0.0016634464263915974,0.36666666666666664,0.9506314266473139,0.10024421103298742,0.20048842206597484
random_probe,69,30,0.4666666666666667,0.70766764413566,0.8064516129032258,0.00043895514681935115,0.3333333333333333,0.9786130273714748,0.04936857335269489,0.09873714670538979
random_probe,70,30,0.4666666666666667,0.70766764413566,0.6129032258064516,0.14052075752988424,0.4666666666666667,0.70766764413566,0.42776777595281934,0.8555355519056387
random_probe,71,30,0.4666666666666667,0.70766764413566,0.7096774193548387,0.014724686741828917,0.36666666666666664,0.9506314266473139,0.10024421103298742,0.20048842206597484
random_probe,72,30,0.4666666666666667,0.70766764413566,0.8387096774193549,9.609758853912259e-05,0.3,0.9919375991448849,0.021386972628533986,0.04277394525706797
random_probe,73,30,0.4666666666666667,0.70766764413566,0.6451612903225806,0.07480639219284035,0.23333333333333334,0.9992845468223183,0.00261143967509271,0.00522287935018542
random_probe,74,30,0.4666666666666667,0.70766764413566,0.6774193548387096,0.035377772990614134,0.3333333333333333,0.9786130273714748,0.04936857335269489,0.09873714670538979
random_probe,75,30,0.4666666666666667,0.70766764413566,0.6129032258064516,0.14052075752988424,0.4,0.8997557889670215,0.1807973040267839,0.3615946080535678
random_probe,76,30,0.4666666666666667,0.70766764413566,0.6451612903225806,0.07480639219284035,0.3,0.9919375991448849,0.021386972628533986,0.04277394525706797
random_probe,77,30,0.4666666666666667,0.70766764413566,0.6774193548387096,0.035377772990614134,0.3333333333333333,0.9786130273714748,0.04936857335269489,0.09873714670538979
random_probe,78,30,0.4666666666666667,0.70766764413566,0.6774193548387096,0.035377772990614134,0.4,0.8997557889670215,0.1807973040267839,0.3615946080535678
random_probe,79,30,0.4666666666666667,0.70766764413566,0.6774193548387096,0.035377772990614134,0.4,0.8997557889670215,0.1807973040267839,0.3615946080535678
random_probe,80,30,0.4666666666666667,0.70766764413566,0.7419354838709677,0.00533692026510832,0.4,0.8997557889670215,0.1807973040267839,0.3615946080535678
random_probe,81,30,0.4666666666666667,0.70766764413566,0.6451612903225806,0.07480639219284035,0.43333333333333335,0.8192026959732248,0.2923323558643488,0.5846647117286976
random_probe,82,30,0.4666666666666667,0.70766764413566,0.7096774193548387,0.014724686741828917,0.5,0.5722322240471894,0.572232224047189,1.0
random_probe,83,30,0.4666666666666667,0.70766764413566,0.6774193548387096,0.035377772990614134,0.4,0.8997557889670215,0.1807973040267839,0.3615946080535678
random_probe,84,30,0.4666666666666667,0.70766764413566,0.7096774193548387,0.014724686741828917,0.36666666666666664,0.9506314266473139,0.10024421103298742,0.20048842206597484
random_probe,85,30,0.4666666666666667,0.70766764413566,0.7096774193548387,0.014724686741828917,0.23333333333333334,0.9992845468223183,0.00261143967509271,0.00522287935018542
random_probe,86,30,0.4666666666666667,0.70766764413566,0.8064516129032258,0.00043895514681935115,0.3333333333333333,0.9786130273714748,0.04936857335269489,0.09873714670538979
random_probe,87,30,0.4666666666666667,0.70766764413566,0.6774193548387096,0.035377772990614134,0.26666666666666666,0.9973885603249161,0.008062400855124033,0.016124801710248066
random_probe,88,30,0.4666666666666667,0.70766764413566,0.7419354838709677,0.00533692026510832,0.26666666666666666,0.9973885603249161,0.008062400855124033,0.016124801710248066
random_probe,89,30,0.4666666666666667,0.70766764413566,0.7096774193548387,0.014724686741828917,0.36666666666666664,0.9506314266473139,0.10024421103298742,0.20048842206597484
random_probe,90,30,0.4666666666666667,0.70766764413566,0.6774193548387096,0.035377772990614134,0.3333333333333333,0.9786130273714748,0.04936857335269489,0.09873714670538979
random_probe,91,30,0.4666666666666667,0.70766764413566,0.7096774193548387,0.014724686741828917,0.3,0.9919375991448849,0.021386972628533986,0.04277394525706797
random_probe,92,30,0.4666666666666667,0.70766764413566,0.7419354838709677,0.00533692026510832,0.3333333333333333,0.9786130273714748,0.04936857335269489,0.09873714670538979
random_probe,93,30,0.4666666666666667,0.70766764413566,0.7419354838709677,0.00533692026510832,0.4,0.8997557889670215,0.1807973040267839,0.3615946080535678
random_probe,94,30,0.4666666666666667,0.70766764413566,0.6451612903225806,0.07480639219284035,0.23333333333333334,0.9992845468223183,0.00261143967509271,0.00522287935018542
random_probe,95,30,0.4666666666666667,0.70766764413566,0.7419354838709677,0.00533692026510832,0.3333333333333333,0.9786130273714748,0.04936857335269489,0.09873714670538979
random_probe,96,30,0.4666666666666667,0.70766764413566,0.7419354838709677,0.00533692026510832,0.3333333333333333,0.9786130273714748,0.04936857335269489,0.09873714670538979
random_probe,97,30,0.4666666666666667,0.70766764413566,0.6774193548387096,0.035377772990614134,0.4,0.8997557889670215,0.1807973040267839,0.3615946080535678
random_probe,98,30,0.4666666666666667,0.70766764413566,0.7096774193548387,0.014724686741828917,0.36666666666666664,0.9506314266473139,0.10024421103298742,0.20048842206597484
random_probe,99,30,0.4666666666666667,0.70766764413566,0.7741935483870968,0.0016634464263915974,0.3,0.9919375991448849,0.021386972628533986,0.04277394525706797
random_probe,100,30,0.4666666666666667,0.70766764413566,0.6451612903225806,0.07480639219284035,0.3,0.9919375991448849,0.021386972628533986,0.04277394525706797
