cohort_a,cohort_b,same_compartment,same_tissue,same_endpoint_class,n_genes,gene_concordance,gene_concordance_p,rho,comparability_tier
GSE186542,GSE167199,True,True,True,13441,0.5864147012871066,5.673517232498382e-90,-0.03833459614805231,1
GSE167199,GSE146904,True,True,False,13788,0.5736147374528575,1.9487197971894787e-67,0.060898122599395116,3
GSE23130,GSE146904,True,False,False,13960,0.5363896848137536,4.1873442316001326e-18,0.14275820795810118,3
GSE70362,GSE23130,True,False,True,14004,0.5143530419880035,0.0003510011456823702,0.044737940961592164,2
GSE23130,GSE207176,True,False,False,14004,0.5134247357897743,0.0007647000561126832,0.02148355106356883,3
GSE23130,GSE167199,True,False,False,13827,0.5094380559774354,0.013512489343240022,0.11893511006940163,3
GSE70362,GSE186542,True,False,False,13563,0.49701393497013935,0.7593148919833757,-0.016936187205005893,3
GSE70362,GSE146904,True,False,False,13960,0.494054441260745,0.9212363122849736,0.0014918415472828285,3
GSE70362,GSE207176,True,False,False,14004,0.49050271351042557,0.9879739028982213,-0.023372058515362622,3
GSE23130,GSE186542,True,False,False,13563,0.48698665486986653,0.9988163884662294,-0.08703594374187748,3
GSE70362,GSE167199,True,False,False,13827,0.4761698126853258,0.9999999901201848,-0.038564037060664504,3
GSE186542,GSE146904,True,True,False,13554,0.4423786336136934,1.0000000000017915,-0.3394005157468182,3
GSE186542,GSE207176,True,False,True,13563,0.42512718425127183,1.0000000000027898,-0.012149704559694894,2
GSE146904,GSE207176,True,False,False,13960,0.4180515759312321,1.0000000000016378,-0.1877146627760162,3
GSE167199,GSE207176,True,False,True,13827,0.38743038981702466,1.000000000014576,0.026489284032283643,2
